log,sha256,n_episodes,success_sum,success_mean,pc_mean,memory
heuristic_all_tasks_167891.log,b76737c550d3ca0e04775cbe8ab52ee3ae405ced9fe1c4949819981a50ccf21f,784,674.0,0.8597,0.9469,
memento_hr_mem_h_167958.log,36d8e7aaa7c8cc06eaba3415d93ce358272ecac570fb6a7183e779a02f55d02a,55,16.0,0.2909,0.6522,1
memento_hr_mem_r_167959.log,4622584dec0dcb3625a9ca624c78b5449a5a43fd9ac119c3280480df8f7f190f,14,6.0,0.4286,0.6964,1
memento_hr_mem_rhs_167960.log,69b4c8a97165f6fc1ac65f9427f55a5307b3dd57b2bf7b6527fe0833a30178db,15,2.0,0.1333,0.6023,3
memento_rhst_mem_h_167962.log,54a5cbcf47c2f740313890fece73d20eaae28b65f051ba7694ac72dc0ce62407,5,1.0,0.2,0.6428,1
memento_rhst_mem_h_168124.log,5668d336e5e01b82d2b7b94074b3fcb0bdf2de293176f80ff188d9a9c46bdbf3,4,1.0,0.25,0.4943,1
memento_rhst_mem_r_167963.log,bab588ffe08305355dedb31b16384046c8905ccd93aab7d543a3c869eccb1c08,4,0.0,0.0,0.4522,1
memento_rhst_mem_r_168123.log,056718fbf5468c9a3aad4fa1f4f111a046e6df8f6433289722600f5f3cd26374,4,1.0,0.25,0.6072,1
memento_rhst_mem_rhst_167964.log,aa4f3b63642b27b0e2ff42dcdee314f704a88bd2562b2b5a6672dbdf7412eafd,4,1.0,0.25,0.6102,4
memento_rhst_mem_rhst_168127.log,0c1d513f5f935bfb90dd68a9bff456dfaa5a11e0dfc0e0d1d6a69ddbc7a89292,4,1.0,0.25,0.6488,4
memento_rhst_mem_s_167965.log,5ce52e284b9b43e52aab855df6107c95b47cc102dfdc8b0050add219b2ea20b3,5,1.0,0.2,0.5976,1
memento_rhst_mem_s_168125.log,573f1782e3dab4dcb2fda52a658d0fc7b5b94b2c5ac5061b519abc2f8bbdf74b,4,1.0,0.25,0.4763,1
memento_rhst_mem_t_167966.log,904428356fc60cda97185ce3682a9cd33735e43e00acd85a37c3f30dc19eb2ec,4,1.0,0.25,0.5655,1
memento_rhst_mem_t_168126.log,af8bae6ea1b04992171035819cd3f1105e72cc0d709527fc51916a29f75e18a7,5,1.0,0.2,0.5142,1
memento_rht_mem_h_167967.log,a3269c2d5d5abfa5762bd87b33cd11d1a67bab580df5597cfe640b99779c64bc,68,18.0,0.2647,0.5504,1
memento_rht_mem_h_168094.log,2e291f0a4942c41ce6ffd8ce95f0220a7c0e8a2d836749a3d640195655679b92,11,0.0,0.0,0.4025,1
memento_rht_mem_r_167968.log,00bdb7a9063c9a1009358963d0ade0cffc0051aa0d2e56cb6ee54a4c60acf6b7,26,8.0,0.3077,0.5922,1
memento_rht_mem_r_168093.log,75251f54f47bdf5a1aedbd18c3bc49f86856a7a6f4adec6e23c35ad3fdeff926,11,1.0,0.0909,0.4933,1
memento_rht_mem_rht_167969.log,8a57133707727dbc7c947c3e781ad32c675af3172812abace0fb885ff7c1b0c1,40,7.0,0.175,0.5756,3
memento_rht_mem_rht_168096.log,79b448b5cc3a9693879276831809d65e249cef0c00ecf18fd7d5e57160470da1,11,1.0,0.0909,0.4141,3
memento_rht_mem_t_167970.log,1cd7c7b1ffead1db685184bb8e0d8900377aa87a4f85d7966464b922597f595c,61,9.0,0.1475,0.5655,1
memento_rht_mem_t_168095.log,3d3e89b2aec9cf0e004ad53457c0ec2e8b342246958905d956705a29ba7d8a5c,10,0.0,0.0,0.4193,1
memento_rs_mem_r_167971.log,05b6ec478066eb2db1869c4051b4cbcc7ca8383ab099cc2ccae180653bd15d3f,6,6.0,1.0,1.0,1
memento_rs_mem_r_168086.log,30aad971fdc805bef8913a1de111f73505f6eef47012216cd60ab7c28cd15c9b,74,56.0,0.7568,0.7918,1
memento_rs_mem_rs_167972.log,badf194550d056c0a8c215eb2288f954fd27f7ba6000e57b8ab2fdfe705838f6,6,5.0,0.8333,0.9445,2
memento_rs_mem_rs_168088.log,eac847915584176cb86d69faf409eebf939510c1de8751db47c0339a0539ce4b,76,58.0,0.7632,0.8142,2
memento_rs_mem_s_167973.log,d124a7d8c0286d71ab342227389397db3b4ec07eecc31be0e1184fae081ca85a,25,21.0,0.84,0.9295,1
memento_rs_mem_s_168087.log,99cd668c28b1af67102379c55e163b011ff00abd3a456e457acf22943f0e38fc,74,57.0,0.7703,0.8539,1
ours_hr_mem_h_167956.log,f6f70f7b90949e19ababddaf6cdf8883eb4082b68dac8e1a07f94d5be914b327,12,0.0,0.0,0.4056,data/hierarchical_skill_memory/hierarchical_heterogeneous_rerange/
ours_hr_mem_h_168238.log,8b91390e9cb4a988ea96e55cd457527683b31e99da55f8e310fe6cfcc058b731,11,4.0,0.3636,0.5617,data/hierarchical_skill_memory/hierarchical_heterogeneous_rerange/
ours_hr_mem_r_167954.log,51070221c0ea0c5f7e57a4f05184a054a965f35aacd5672974844662045157a1,9,2.0,0.2222,0.6574,data/hierarchical_skill_memory/hierarchical_rerange_only/
ours_hr_mem_r_168239.log,d6270e995062688692a2cb57be14e283392496149451e239f1fffafa3d4dd5a6,14,1.0,0.0714,0.4983,data/hierarchical_skill_memory/hierarchical_rerange_only/
ours_hr_mem_s_167939.log,db8ae4462648f1a1477a12b1d92b046366e64def1051cae06e5d2c8116fff9fb,50,5.0,0.1,0.4741,data/hierarchical_skill_memory/hierarchical_spatial_only/
ours_hr_mem_s_168240.log,a39fd7aae6a260de2e76dde794415b26a73bd8439d784a7b6527dee5dcd44840,25,2.0,0.08,0.5289,data/hierarchical_skill_memory/hierarchical_spatial_only/
ours_hrst_mem_h_167931.log,9ff1e725b4d0c03e58cff417338ad715a6a7162c7e51a388e807a14025bf9846,5,1.0,0.2,0.488,data/hierarchical_skill_memory/hierarchical_heterogeneous_rerange/
ours_hrst_mem_h_167950.log,f5eddd05db7aefa4b0fbf09407386b3f38fefca315d9d73ed584f3e2889b8f61,5,1.0,0.2,0.3524,data/hierarchical_skill_memory/hierarchical_heterogeneous_rerange/
ours_hrst_mem_h_168083.log,827e9d7ea319bcb4112c2b28f85abbfcbb5fcdef73ce9d7f5e30c8dd8d3d3673,4,1.0,0.25,0.601,data/hierarchical_skill_memory/hierarchical_heterogeneous_rerange/
ours_hrst_mem_h_168129.log,b2076308a06ba204fa1ee2ffbdd7ff6c46776da7c6428e03868dfae78719e5e8,5,1.0,0.2,0.4976,data/hierarchical_skill_memory/hierarchical_heterogeneous_rerange/
ours_hrst_mem_h_168245.log,addd659da0cbde2b6f381484be39b14c16e461ddd20031a1a47260fc3c3a024d,4,0.0,0.0,0.3573,data/hierarchical_skill_memory/hierarchical_heterogeneous_rerange/
ours_hrst_mem_h_168303.log,9679ecd17e17f50fcc6704106dfa9877639098dc095a60bd7adb4ea7c473df45,1,0.0,0.0,0.5,data/hierarchical_skill_memory/hierarchical_heterogeneous_rerange/
ours_hrst_mem_h_168316.log,effa3540609008165f4ceb0f5f7e27cc4e9e33c3cb2e2e1c6b7e4931f4977586,4,0.0,0.0,0.3215,data/hierarchical_skill_memory/hierarchical_heterogeneous_rerange/
ours_hrst_mem_h_168375.log,664d4d2f97d8de2a7cdb665cbc45d1eaa2eb8e95380a8c65138b4333c0b51666,4,0.0,0.0,0.1668,
ours_hrst_mem_h_168382.log,3027f6f1ef5df3a47b5952842339efa79afbc30e11bf098a030adb14699c0458,5,0.0,0.0,0.412,
ours_hrst_mem_h_168394.log,76529b7656397a32df31fc7d4658879df29c8eb936430f94ebeb323f59cfcb8e,5,0.0,0.0,0.5522,
ours_hrst_mem_h_168400.log,f029ec90baf0fa5e975204e13837110098b7756fd48461611184e601e3640945,5,0.0,0.0,0.3548,
ours_hrst_mem_r_167932.log,219395dde28cdf2e78c99255bf10074c989756303d4d783a5b341f6abbfdf627,5,0.0,0.0,0.2404,data/hierarchical_skill_memory/hierarchical_rerange_only/
ours_hrst_mem_r_167945.log,92e03a22112fba7ddadafb78d9adb40eebc788830775cd00702edd20c3325bb1,5,0.0,0.0,0.419,data/hierarchical_skill_memory/hierarchical_rerange_only/
ours_hrst_mem_r_168081.log,65406e7b05c74a8e513fdac908180e8fc5c31bc0fb0ff747ac278a211ac4b5ed,5,0.0,0.0,0.3384,data/hierarchical_skill_memory/hierarchical_rerange_only/
ours_hrst_mem_r_168128.log,91fbd1c69ea77586e0edb088560c8f22630513551369dd6da306ad55918613fc,5,1.0,0.2,0.5286,data/hierarchical_skill_memory/hierarchical_rerange_only/
ours_hrst_mem_r_168246.log,f5eb8c4345b0b835550c80e3ac5cc44624bdc7a66eb009cda8f5695ca82c75c4,2,0.0,0.0,0.3395,data/hierarchical_skill_memory/hierarchical_rerange_only/
ours_hrst_mem_r_168304.log,5a7085e8d8bedf9347d8964683a74587b83eb5b8a0951d44246f9a32dc8d7d47,1,0.0,0.0,0.429,data/hierarchical_skill_memory/hierarchical_rerange_only/
ours_hrst_mem_r_168317.log,3a649c275e05325887f5fe56e364fecb90e47c34fecd28649c97ee7ffc207023,5,1.0,0.2,0.3858,data/hierarchical_skill_memory/hierarchical_rerange_only/
ours_hrst_mem_r_168373.log,4634c349dc4a38baba06ef4edb56b2c4be9653acc2599f6de0e814cb1c4150a6,5,1.0,0.2,0.4308,
ours_hrst_mem_r_168381.log,a39d185952e81f7700bec020d8c2983b8e33218ca8457a6a295f57cb33858f32,5,0.0,0.0,0.3882,
ours_hrst_mem_r_168396.log,feef28df7cc543a8fbb9ed0d49f85564d7edb31f118e624b696d9e471fec7d74,5,0.0,0.0,0.3264,
ours_hrst_mem_r_168402.log,f7cea8e9f2bfe20f0aa58b16f3b8b1cf39ec895d2a17d24ba08973707b815591,4,1.0,0.25,0.4047,
ours_hrst_mem_rhst_167933.log,64007eb7d8520f5812225823f09a6ac18af66e2804fb278b40537cf769177ed8,5,0.0,0.0,0.369,data/hierarchical_skill_memory/hierarchical_heterogeneous_rerange_spatial_temporal/
ours_hrst_mem_rhst_167953.log,7777cbbdc09a661bdd1b91aaae72b30a4eccfc9ace428fd79da3000c570788e3,4,0.0,0.0,0.3515,data/hierarchical_skill_memory/hierarchical_heterogeneous_rerange_spatial_temporal/
ours_hrst_mem_rhst_168085.log,ebabc05df4ed1c68cd975b892db0511d56efa32be5d95e462a7bc2a3c2c5b84f,5,0.0,0.0,0.3882,data/hierarchical_skill_memory/hierarchical_heterogeneous_rerange_spatial_temporal/
ours_hrst_mem_rhst_168132.log,4e81e45f1d10eab318ec558cc078526b10f0df175e44d65d323d9f65506fbd4d,4,0.0,0.0,0.4165,data/hierarchical_skill_memory/hierarchical_heterogeneous_rerange_spatial_temporal/
ours_hrst_mem_rhst_168247.log,02add2c56c951c4df0f2f9242b6143aba3c884b4649d3405d57161d6a23ef374,4,0.0,0.0,0.369,data/hierarchical_skill_memory/hierarchical_heterogeneous_rerange_spatial_temporal/
ours_hrst_mem_rhst_168305.log,7fe5a936cd597cb3d9d202e67dcfda24d09542971f3bac6123edff3a40a7fa31,3,0.0,0.0,0.4603,data/hierarchical_skill_memory/hierarchical_heterogeneous_rerange_spatial_temporal/
ours_hrst_mem_rhst_168318.log,4e8fa5b06286901980a081dfad866003696dc2f18bcd6a1452a72593ccb9644b,5,0.0,0.0,0.3286,data/hierarchical_skill_memory/hierarchical_heterogeneous_rerange_spatial_temporal/
ours_hrst_mem_rhst_168347.log,95045e11dd7719b6c60ed40249faa9965dd32a53d94d92007e344d179d16507b,4,1.0,0.25,0.5,
ours_hrst_mem_rhst_168385.log,2cdbb0e10241b97e381a980a7eacbd9f071bbcbf58bd175c85ed5542b97b4a6e,5,0.0,0.0,0.2478,
ours_hrst_mem_rhst_168397.log,236d76c987b099090750145d89b65aa0894a34f9687e80f9b6cd2d2d6e1b737f,5,0.0,0.0,0.2596,
ours_hrst_mem_rhst_168403.log,037e67a2f3405f5666e48e4871ceb8651f5bd44f09c43fb552f508b936757efe,4,0.0,0.0,0.4342,
ours_hrst_mem_s_167934.log,86f2d9c515fb54a77b876d7ae2a25fdda59740151a85bddc206379570a5452c4,5,0.0,0.0,0.3764,data/hierarchical_skill_memory/hierarchical_spatial_only/
ours_hrst_mem_s_167951.log,bc0a95372735c49768a11521a298a8217e7cdc4c098b6f759233f2a001ab3340,5,0.0,0.0,0.3594,data/hierarchical_skill_memory/hierarchical_spatial_only/
ours_hrst_mem_s_168082.log,70ba60c5ff0fa204dfa3c89b2ddf0a3489f2fb06a421e6803f3f79898b0bb6d2,4,0.0,0.0,0.3422,data/hierarchical_skill_memory/hierarchical_spatial_only/
ours_hrst_mem_s_168130.log,e80b9ca840eb04b138976bcb2800b3a870b36bf9568b261733973f92326e8002,5,1.0,0.2,0.4906,data/hierarchical_skill_memory/hierarchical_spatial_only/
ours_hrst_mem_s_168248.log,9e176b52dc1baadf28d8c0b256852dd8efe874ca804c91330ee279f673f5d360,4,0.0,0.0,0.2352,data/hierarchical_skill_memory/hierarchical_spatial_only/
ours_hrst_mem_s_168306.log,0d774a6ae4d5922bbab2c5a7da15905e6596fcbfc11a76aca4107eb4f8e98ae8,2,1.0,0.5,0.7855,data/hierarchical_skill_memory/hierarchical_spatial_only/
ours_hrst_mem_s_168319.log,9efc932b1b2280ecbd8c28bfa2e10258e3b933b8a0dc52758598b013256e56df,5,0.0,0.0,0.3334,data/hierarchical_skill_memory/hierarchical_spatial_only/
ours_hrst_mem_s_168372.log,48907291d463aaf16d486aee218e366b44ff9523856304c140ecc8b81efa6e82,3,0.0,0.0,0.4607,
ours_hrst_mem_s_168383.log,8e7792e749071e81333d88516901c5c6a030c91491dc92c33f38d10a21f6c559,5,0.0,0.0,0.3142,
ours_hrst_mem_s_168398.log,30efe4e5f6990a499c8a8a4d798ee49e8a71e0819c92c1f96f041440ecfdcd26,5,0.0,0.0,0.1526,
ours_hrst_mem_s_168404.log,f0b9ea2ba5674f374822e872fc5cbf8939a263d52e420b9a5cf9d319438040ec,4,0.0,0.0,0.485,
ours_hrst_mem_t_167935.log,901614a0f00a13c3e998c4b34168391476a06048090eb0c1a02b9c621854a12e,5,0.0,0.0,0.3024,data/hierarchical_skill_memory/hierarchical_heterogeneous_temporal/
ours_hrst_mem_t_167952.log,1eb9c83ce35bd7e9f97efe19e5acc9c5f34a387410af63c375a3821bfd12cc66,5,0.0,0.0,0.243,data/hierarchical_skill_memory/hierarchical_heterogeneous_temporal/
ours_hrst_mem_t_168084.log,f4ebeae94c85182b62421757a841c735118385a663b123d6bfb15a26dabb6603,5,0.0,0.0,0.3168,data/hierarchical_skill_memory/hierarchical_heterogeneous_temporal/
ours_hrst_mem_t_168131.log,3e0f0e4f0e88fb77139dc84228dcdfa7151e3c2bbe73f1a5d946256c4fd2f6e4,4,0.0,0.0,0.5177,data/hierarchical_skill_memory/hierarchical_heterogeneous_temporal/
ours_hrst_mem_t_168249.log,0a2c9ec666df2ab9c7f902852818468d60233e81a2767e38dd331b2755b37b8a,4,0.0,0.0,0.3215,data/hierarchical_skill_memory/hierarchical_heterogeneous_temporal/
ours_hrst_mem_t_168307.log,41068f95b2f8008f0903a0348a055d476e56cecee66a0df2188548d870257985,3,1.0,0.3333,0.532,data/hierarchical_skill_memory/hierarchical_heterogeneous_temporal/
ours_hrst_mem_t_168320.log,2f8a6b845e6149e4a5b03a8a801e8fa46454672f9a52588fb983cda5159eef58,4,0.0,0.0,0.3275,data/hierarchical_skill_memory/hierarchical_heterogeneous_temporal/
ours_hrst_mem_t_168374.log,35376107a69be55d00b42f8c5c7d568c0c340908ecb09515fc348e4146996299,5,0.0,0.0,0.288,
ours_hrst_mem_t_168384.log,5c7ccffbcb245ec18acbbcbd35bcd4d008435904a375bed4861abbf5dfdaa8fa,5,0.0,0.0,0.1858,
ours_hrst_mem_t_168395.log,639382ae1cade4dc63d2e0c0ddeffb8785ae994a8c9a0f6d6dabd955aac29757,4,0.0,0.0,0.4108,
ours_hrst_mem_t_168401.log,4fdfa892553c65857459b29673d1c92b36339b45f6ef235d40f5225c6d1ca266,4,0.0,0.0,0.3455,
ours_hrt_mem_h_167924.log,3de997daecf64e4b58f967c5d3862d22772c4aa6f1e5b9b60793fabfaf02e465,28,1.0,0.0357,0.3836,data/hierarchical_skill_memory/hierarchical_heterogeneous_rerange/
ours_hrt_mem_h_168090.log,cbdfebec16da1480ce470250398d848ef4ef9c5081f08f4a2fcb390041e43796,11,0.0,0.0,0.3336,data/hierarchical_skill_memory/hierarchical_heterogeneous_rerange/
ours_hrt_mem_h_168242.log,0132ff1ec8c161f1d33a8a89dabcc33083280d59b04cb6c54e86c59ec5400907,10,0.0,0.0,0.3209,data/hierarchical_skill_memory/hierarchical_heterogeneous_rerange/
ours_hrt_mem_r_167925.log,5b3aabbbb5af041a5d05ffeb7bbc949654bc43e2b3a8a8203d697defcfe2ba37,14,1.0,0.0714,0.5034,data/hierarchical_skill_memory/hierarchical_rerange_only/
ours_hrt_mem_r_167948.log,8c3d814dd62afb5910eca5f7d62bf7a07071fc4500daef2ef8431be43bd0dee7,16,0.0,0.0,0.3384,data/hierarchical_skill_memory/hierarchical_rerange_only/
ours_hrt_mem_r_168089.log,5e5b92c4546a66ff80d7951dd91d97941c380bd33e8b2cfac7ebdb0ccd1786b8,11,2.0,0.1818,0.4739,data/hierarchical_skill_memory/hierarchical_rerange_only/
ours_hrt_mem_r_168244.log,c1ad7e70742fc60f6f924c180b70aa3654b8516913cf26549c0039ef9978228e,9,0.0,0.0,0.2493,data/hierarchical_skill_memory/hierarchical_rerange_only/
ours_hrt_mem_rht_167926.log,643d274e7d5adbe6e32773b2e5bd8d5e8c4b2b1f4a3b2b714819f3c31a7af7bf,30,1.0,0.0333,0.3464,data/hierarchical_skill_memory/hierarchical_heterogeneous_rerange/
ours_hrt_mem_rht_168092.log,c347cccc13dd70edcd66f774c7bc37b58657633ba99922e8176d3b5032dd4f25,11,0.0,0.0,0.2996,data/hierarchical_skill_memory/hierarchical_heterogeneous_rerange/
ours_hrt_mem_rht_168241.log,5a6364c4b564b0469d4adf273ed30fccdc853423e10c0d48810776927d45c078,9,0.0,0.0,0.3178,data/hierarchical_skill_memory/hierarchical_heterogeneous_rerange/
ours_hrt_mem_t_167927.log,2dbe8eb90b7be172018fcd0b49908fe0656fa4f4383a079c3f336970f0e82af0,31,5.0,0.1613,0.4207,data/hierarchical_skill_memory/hierarchical_heterogeneous_temporal/
ours_hrt_mem_t_167957.log,ceae35d97791c619642fdb94206b26acfabe20396ddfd9ed29d148678b8a0b97,48,8.0,0.1667,0.5149,data/hierarchical_skill_memory/hierarchical_heterogeneous_temporal/
ours_hrt_mem_t_168091.log,c2c22ad8a7bb6f6dadf0dd571b83f565f4cf87a1aac5f6eb52a65001f0ee6a9f,10,1.0,0.1,0.5437,data/hierarchical_skill_memory/hierarchical_heterogeneous_temporal/
ours_hrt_mem_t_168243.log,36c50b4e030065f20ebd77ea8e8c6b3e2225b02d99cc1263e2311b3880fa806b,9,1.0,0.1111,0.2956,data/hierarchical_skill_memory/hierarchical_heterogeneous_temporal/
ours_loc_hrst_mem_hr_168289.log,85ab382595613590ee51a35dfa9a54dd7653190e344df024f24980b06e59cc05,4,0.0,0.0,0.3573,data/hierarchical_skill_memory_rule_location/hierarchical_heterogeneous_rerange/
ours_loc_hrst_mem_hrst_168290.log,614008c8d9b4d0b03f16a8892581790b08bb194b54b06a54e9f4f4a4b716d4cc,3,0.0,0.0,0.131,data/hierarchical_skill_memory_rule_location/hierarchical_heterogeneous_rerange_spatial_temporal/
ours_loc_hrst_mem_ht_168291.log,7eb2fd7f094d56b31a2032f294322da653f027f5308f24f47ce949763d4ec3fb,3,0.0,0.0,0.393,data/hierarchical_skill_memory_rule_location/hierarchical_heterogeneous_temporal/
ours_loc_hrst_mem_r_168292.log,0eed5638903dd79ad05fb9446ef49ed34a53a6955798b98f71a0b0bac7779c07,4,0.0,0.0,0.3362,data/hierarchical_skill_memory_rule_location/hierarchical_rerange_only/
ours_loc_hrst_mem_s_168293.log,2e66f3ac1d4f3a60f79c80fb3b82cf2c350976c904df2d18d4b073955e41b313,3,0.0,0.0,0.3097,data/hierarchical_skill_memory_rule_location/hierarchical_spatial_only/
ours_rs_mem_r_167917.log,9e78e4df582755bbac118b1ef242681f124e3b5777020f792257f684521b6049,65,35.0,0.5385,0.6573,data/hierarchical_skill_memory/hierarchical_rerange_only/
ours_rs_mem_r_167943.log,c64ea58a0f277901db91eedf732391d3ce79577d0dea7e86021cff49eb320e3d,58,42.0,0.7241,0.7738,data/hierarchical_skill_memory/hierarchical_rerange_only/
ours_rs_mem_r_168074.log,2bdc0011ba9dca4f75558031fabc17874e119def22f417b35ca01b6d8885ed68,67,50.0,0.7463,0.85,data/hierarchical_skill_memory/hierarchical_rerange_only/
ours_rs_mem_r_168252.log,f759a8de085308703ce0d5e2a8936080694e425d39ee108cfd2aa62be8f32ad3,48,34.0,0.7083,0.7711,data/hierarchical_skill_memory/hierarchical_rerange_only/
ours_rs_mem_r_video_168007.log,3b00e1309f0f1952086e666cd11b280509f8472d348c96bd728264f82b3c2be7,2,2.0,1.0,1.0,data/hierarchical_skill_memory/hierarchical_rerange_only/
ours_rs_mem_r_video_168009.log,41222c30b998222820d3d668e3799397e1f3bddd081b1698f29b70c06d56c873,1,1.0,1.0,1.0,data/hierarchical_skill_memory/hierarchical_rerange_only/
ours_rs_mem_r_video_168251.log,d30e0c4ce4939aed4ed6da0cb2e7fdde4ec97f4091e7cb39ef4765721a2940b9,10,8.0,0.8,0.8667,data/hierarchical_skill_memory/hierarchical_rerange_only/
ours_rs_mem_r_video_hires_168063.log,a1fce2d4ba2c9218242723ed75dd08b907f4910bd7c5ccc7f66840477d89297f,1,1.0,1.0,1.0,data/hierarchical_skill_memory/hierarchical_rerange_only/
ours_rs_mem_r_video_hires_168064.log,f4620b50c741f2d0651e206d86f295e17b955f5fee4d1688c32a1bf72d16d364,1,1.0,1.0,1.0,data/hierarchical_skill_memory/hierarchical_rerange_only/
ours_rs_mem_r_video_hires_168250.log,522fecbacaca6eced8209e0ea5bd5649c0bcd782b49f68466770a1ac8d112e91,10,9.0,0.9,0.9667,data/hierarchical_skill_memory/hierarchical_rerange_only/
ours_rs_mem_rs_167918.log,00fc819e3f7c5b4026d410bc3ce4bab4cb26a57533c7d9754d28e63309040fdb,65,39.0,0.6,0.7202,data/hierarchical_skill_memory/hierarchical_rerange_only/
ours_rs_mem_rs_167941.log,ad42cee823e10678c4f5935f67f753125a81b932e4b9604da25a2065751c528a,58,42.0,0.7241,0.8044,data/hierarchical_skill_memory/hierarchical_rerange_only/
ours_rs_mem_rs_168076.log,a64a47021042ca55441bcf208da94a4b19936da83224216a9b4de30c42c9a13d,64,47.0,0.7344,0.8326,data/hierarchical_skill_memory/hierarchical_rerange_only/
ours_rs_mem_rs_168253.log,a07073897a639326a257fa68baa3d7eb91a3da12a73c9aed6b3af2ae01ddf8a0,49,34.0,0.6939,0.786,data/hierarchical_skill_memory/hierarchical_rerange_only/
ours_rs_mem_s_167919.log,c158a4870d262125c66f1711e1fed9ff644d6672a1cf86cc42f1f85f23fe90f3,62,40.0,0.6452,0.7436,data/hierarchical_skill_memory/hierarchical_spatial_only/
ours_rs_mem_s_167942.log,a30a9a3d723aaed7a526080fae9197f61a0cfb05ada1104ba866f37071402aae,53,41.0,0.7736,0.8264,data/hierarchical_skill_memory/hierarchical_spatial_only/
ours_rs_mem_s_168075.log,6685fbc0756e00fe79829a95ef924f4965534c2a5830aa5f494c235fb42d1013,74,53.0,0.7162,0.7673,data/hierarchical_skill_memory/hierarchical_spatial_only/
ours_rs_mem_s_168254.log,5fc17fd3b6d9c1badf3e1737c1bb56e81f12165692afe7b0fe40af0a2d72decc,57,38.0,0.6667,0.7295,data/hierarchical_skill_memory/hierarchical_spatial_only/
planner_rag_traj_8b_167888.log,7709844124b4893b5703f1bc327c48de5f28add4270f72135616189a8054f318,5,0.0,0.0,0.2524,
video_recording_single.log,0cc237fca36f76c849d4d1193898f035cc0b78ab3aa797edab53eb75a6891889,1,1.0,1.0,1.0,data/hierarchical_skill_memory/hierarchical_rerange_only/
