episode_id,fold,seed,cond,status,success,completion,conflict,failpick,selfconf,selfconf_literal,notclose,actions
444,A,0,both,ok,0.0,0.16666666666666666,0,0,0,2,1,38
450,A,0,both,ok,0.0,0.23076923076923078,0,9,0,12,12,88
451,A,0,both,ok,0.0,0.0,1,1,0,8,0,74
456,A,0,both,ok,0.0,0.6,0,8,0,9,8,80
1621,A,0,both,ok,0.0,0.4,0,9,0,9,12,78
1622,A,0,both,ok,1.0,1.0,0,2,0,12,5,88
1646,A,0,both,ok,1.0,1.0,0,2,0,6,1,61
1655,A,0,both,ok,0.0,0.8,0,5,0,6,5,65
1656,A,0,both,ok,0.0,0.8,0,1,0,9,6,52
1663,A,0,both,ok,0.0,0.0,0,18,0,0,18,102
1674,A,0,both,ok,0.0,0.25,0,3,0,7,3,75
1683,A,0,both,ok,1.0,1.0,0,0,0,3,0,75
1687,A,0,both,ok,0.0,0.4,0,16,1,17,19,89
1697,A,0,both,ok,0.0,0.2,0,5,1,10,10,95
1701,A,0,both,ok,1.0,1.0,0,7,3,16,7,73
1704,A,0,both,ok,0.0,0.5,0,0,0,10,4,50
1716,A,0,both,ok,0.0,0.75,0,8,0,21,6,83
1718,A,0,both,ok,0.0,0.5,0,16,0,3,15,84
1719,A,0,both,ok,0.0,0.5,0,3,0,5,5,60
1723,A,0,both,ok,0.0,0.25,0,1,0,2,0,75
1731,A,0,both,ok,1.0,1.0,0,2,0,3,3,56
1733,A,0,both,ok,0.0,0.3333333333333333,0,5,0,8,13,69
1734,A,0,both,ok,1.0,1.0,0,0,0,5,4,62
1744,A,0,both,ok,1.0,1.0,0,7,0,12,14,91
1750,A,0,both,ok,1.0,1.0,0,6,2,6,5,60
1751,A,0,both,ok,0.0,0.75,0,8,0,18,17,82
1756,A,0,both,ok,1.0,1.0,0,7,1,9,8,69
1760,A,0,both,ok,0.0,0.25,0,4,2,8,4,50
1761,A,0,both,ok,0.0,0.8333333333333334,0,3,1,12,8,81
1762,A,0,both,ok,1.0,1.0,0,13,0,8,13,85
1773,A,0,both,ok,0.0,0.8,0,2,0,10,3,85
1777,A,0,both,ok,0.0,0.42857142857142855,0,14,1,13,17,91
1778,A,0,both,ok,0.0,0.42857142857142855,0,0,0,0,0,84
1779,A,0,both,ok,0.0,0.42857142857142855,0,7,1,13,10,88
1803,A,0,both,ok,1.0,1.0,0,2,0,11,5,79
1804,A,0,both,ok,0.0,0.5,0,5,0,11,7,97
1806,A,0,both,ok,1.0,1.0,0,3,2,14,4,55
1807,A,0,both,ok,0.0,0.0,0,7,0,13,9,85
1808,A,0,both,ok,1.0,1.0,0,5,0,14,8,82
1809,A,0,both,ok,0.0,0.0,0,0,0,0,0,43
1811,A,0,both,ok,0.0,0.6666666666666666,0,1,0,4,1,57
1831,A,0,both,ok,0.0,0.5,1,7,0,9,6,87
1835,A,0,both,ok,0.0,0.25,0,2,0,0,1,42
1838,A,0,both,ok,0.0,0.75,0,15,1,7,14,76
1839,A,0,both,ok,1.0,1.0,0,4,0,7,9,70
1840,A,0,both,ok,0.0,0.3333333333333333,0,5,0,8,12,80
1841,A,0,both,ok,0.0,0.6,0,4,1,10,4,88
1842,A,0,both,ok,0.0,0.25,0,15,3,15,17,95
1843,A,0,both,ok,0.0,0.25,0,4,0,3,7,83
1844,A,0,both,ok,0.0,0.6,0,3,1,9,4,95
1849,A,0,both,ok,1.0,1.0,0,5,4,12,6,77
1850,A,0,both,ok,1.0,1.0,0,8,0,15,11,95
1854,A,0,both,ok,0.0,0.21428571428571427,0,8,0,8,13,73
1857,A,0,both,ok,0.0,0.45454545454545453,0,3,0,7,2,76
1859,A,0,both,ok,0.0,0.18181818181818182,0,6,0,6,9,77
1875,A,0,both,ok,1.0,1.0,0,7,0,10,7,67
1876,A,0,both,ok,0.0,0.375,2,8,2,15,15,92
1907,A,0,both,ok,0.0,0.8333333333333334,0,3,1,6,3,65
1932,A,0,both,ok,0.0,0.6,0,3,0,13,4,99
1933,A,0,both,ok,0.0,0.25,0,12,1,8,16,82
1934,A,0,both,ok,0.0,0.25,0,7,0,15,12,89
1935,A,0,both,ok,0.0,0.0,0,5,1,13,6,99
1945,A,0,both,ok,1.0,1.0,0,6,1,7,8,66
1947,A,0,both,ok,0.0,0.6666666666666666,0,3,0,11,3,90
1948,A,0,both,ok,0.0,0.3333333333333333,0,13,0,4,15,101
1954,A,0,both,ok,0.0,0.25,0,8,3,14,5,67
1956,A,0,both,ok,0.0,0.75,3,11,0,14,16,83
1958,A,0,both,ok,1.0,1.0,0,11,0,4,12,78
1960,A,0,both,ok,0.0,0.5,0,0,0,0,0,92
1962,A,0,both,ok,0.0,0.25,0,1,0,12,6,66
1963,A,0,both,ok,0.0,0.0,0,4,0,8,8,102
1964,A,0,both,ok,0.0,0.75,0,4,0,11,8,94
1965,A,0,both,ok,0.0,0.75,0,12,0,13,11,83
1971,A,0,both,ok,1.0,1.0,0,3,0,5,2,71
1974,A,0,both,ok,0.0,0.3333333333333333,0,1,0,8,7,61
1975,A,0,both,ok,0.0,0.0,0,0,0,3,0,99
1978,A,0,both,ok,1.0,1.0,0,1,0,6,1,51
1981,A,0,both,ok,0.0,0.0,0,8,2,16,13,83
1982,A,0,both,ok,0.0,0.75,0,5,1,9,8,57
1983,A,0,both,ok,1.0,1.0,0,7,4,17,9,60
1984,A,0,both,ok,0.0,0.6666666666666666,0,15,1,4,14,79
1987,A,0,both,ok,0.0,0.38461538461538464,0,2,0,7,5,58
1988,A,0,both,ok,0.0,0.13333333333333333,0,2,0,2,1,88
1989,A,0,both,ok,0.0,0.058823529411764705,0,7,2,10,7,64
1990,A,0,both,ok,0.0,0.0,0,4,0,9,7,101
1991,A,0,both,ok,0.0,0.6,0,9,1,10,13,82
1993,A,0,both,ok,0.0,0.5,0,7,2,5,5,90
1995,A,0,both,ok,0.0,0.2,0,9,1,8,7,92
1997,A,0,both,ok,1.0,1.0,0,4,0,12,6,67
1999,A,0,both,ok,0.0,0.5,0,6,0,8,5,75
433,B,0,both,ok,0.0,0.16666666666666666,0,4,0,12,6,62
436,B,0,both,ok,0.0,0.6666666666666666,0,3,0,4,3,70
438,B,0,both,ok,0.0,0.2,0,3,0,0,1,50
439,B,0,both,ok,0.0,0.0,2,1,0,1,0,45
442,B,0,both,ok,0.0,0.5,0,1,0,4,2,48
443,B,0,both,ok,0.0,0.25,0,6,1,10,7,70
445,B,0,both,ok,0.0,0.6666666666666666,0,0,0,8,4,64
446,B,0,both,ok,0.0,0.75,0,2,2,13,6,60
447,B,0,both,ok,0.0,0.3333333333333333,0,1,0,4,5,46
448,B,0,both,ok,0.0,0.6666666666666666,0,1,0,5,3,74
449,B,0,both,ok,0.0,0.5,0,4,0,5,4,59
452,B,0,both,ok,0.0,0.5,0,5,1,4,9,65
454,B,0,both,ok,0.0,0.0,0,3,0,2,4,54
455,B,0,both,ok,0.0,0.5,0,4,1,4,5,61
458,B,0,both,ok,0.0,0.4444444444444444,0,9,1,10,11,85
1623,B,0,both,ok,1.0,1.0,0,9,1,13,9,86
1637,B,0,both,ok,0.0,0.5,0,8,2,12,3,92
1662,B,0,both,ok,0.0,0.4,0,7,0,10,11,85
1664,B,0,both,ok,0.0,0.2,0,1,0,2,13,67
1673,B,0,both,ok,0.0,0.25,0,6,0,4,6,96
1682,B,0,both,ok,0.0,0.0,0,6,0,13,11,80
1684,B,0,both,ok,1.0,1.0,0,5,1,7,6,68
1685,B,0,both,ok,1.0,1.0,0,2,0,10,6,55
1688,B,0,both,ok,0.0,0.0,0,3,0,7,39,80
1689,B,0,both,ok,0.0,0.3333333333333333,0,3,0,3,3,84
1698,B,0,both,ok,0.0,0.3333333333333333,0,4,0,8,8,70
1699,B,0,both,ok,0.0,0.5,0,7,0,15,14,97
1703,B,0,both,ok,1.0,1.0,0,1,0,14,4,72
1720,B,0,both,ok,0.0,0.25,4,11,0,18,13,78
1724,B,0,both,ok,0.0,0.3333333333333333,0,4,1,8,5,54
1732,B,0,both,ok,0.0,0.6666666666666666,2,5,0,1,2,68
1735,B,0,both,ok,0.0,0.75,2,14,0,12,21,91
1736,B,0,both,ok,0.0,0.25,0,3,0,7,6,65
1737,B,0,both,ok,1.0,1.0,0,4,0,10,5,93
1745,B,0,both,ok,0.0,0.6666666666666666,0,7,0,10,11,80
1746,B,0,both,ok,0.0,0.75,0,3,0,6,4,84
1747,B,0,both,ok,1.0,1.0,0,9,1,7,11,73
1748,B,0,both,ok,1.0,1.0,0,6,1,5,7,51
1749,B,0,both,ok,0.0,0.6,1,8,0,8,7,75
1752,B,0,both,ok,1.0,1.0,0,1,0,7,2,63
1753,B,0,both,ok,0.0,0.8333333333333334,0,3,0,3,3,98
1757,B,0,both,ok,0.0,0.5,0,8,1,10,8,93
1758,B,0,both,ok,0.0,0.2857142857142857,0,3,0,6,2,87
1759,B,0,both,ok,0.0,0.5,0,7,1,10,13,83
1764,B,0,both,ok,0.0,0.8,0,5,1,17,5,81
1774,B,0,both,ok,1.0,1.0,0,2,1,5,2,83
1776,B,0,both,ok,0.0,0.7142857142857143,0,3,0,5,2,82
1780,B,0,both,ok,0.0,0.8571428571428571,0,5,0,5,9,95
1790,B,0,both,ok,0.0,0.75,0,4,0,3,4,83
1791,B,0,both,ok,0.0,0.75,0,4,0,6,8,57
1792,B,0,both,ok,0.0,0.75,0,0,0,4,0,41
1797,B,0,both,ok,1.0,1.0,0,0,0,15,2,71
1798,B,0,both,ok,1.0,1.0,0,1,0,13,6,76
1799,B,0,both,ok,1.0,1.0,0,10,1,6,9,78
1800,B,0,both,ok,0.0,0.3333333333333333,0,5,0,11,8,67
1805,B,0,both,ok,0.0,0.6666666666666666,2,11,1,11,13,82
1810,B,0,both,ok,1.0,1.0,0,7,0,10,9,74
1812,B,0,both,ok,1.0,1.0,0,4,1,8,3,57
1833,B,0,both,ok,1.0,1.0,0,4,2,13,9,101
1834,B,0,both,ok,0.0,0.6666666666666666,2,21,0,12,21,91
1836,B,0,both,ok,0.0,0.5,0,5,0,11,8,75
1837,B,0,both,ok,0.0,0.5714285714285714,0,2,1,4,2,72
1845,B,0,both,ok,0.0,0.6666666666666666,0,0,0,7,3,52
1847,B,0,both,ok,1.0,1.0,0,2,0,5,4,75
1848,B,0,both,ok,1.0,1.0,0,4,0,11,10,77
1851,B,0,both,ok,1.0,1.0,0,2,0,9,4,55
1852,B,0,both,ok,0.0,0.6666666666666666,0,2,0,13,7,78
1853,B,0,both,ok,0.0,0.4,0,3,0,6,6,94
1855,B,0,both,ok,0.0,0.0,0,8,0,9,10,78
1856,B,0,both,ok,0.0,0.36363636363636365,1,10,0,15,10,85
1858,B,0,both,ok,0.0,0.07692307692307693,0,4,0,8,4,87
1863,B,0,both,ok,0.0,0.25,0,5,2,11,5,70
1873,B,0,both,ok,0.0,0.6666666666666666,0,2,0,7,4,55
1874,B,0,both,ok,1.0,1.0,0,4,0,5,4,65
1890,B,0,both,ok,0.0,0.3333333333333333,0,5,2,17,6,49
1891,B,0,both,ok,0.0,0.5,0,6,1,10,5,73
1904,B,0,both,ok,1.0,1.0,0,0,0,0,2,34
1905,B,0,both,ok,0.0,0.6,0,4,0,12,7,65
1906,B,0,both,ok,0.0,0.8333333333333334,0,5,1,8,7,80
1908,B,0,both,ok,0.0,0.16666666666666666,0,5,1,9,9,86
1909,B,0,both,ok,0.0,0.0,0,2,0,10,5,93
1910,B,0,both,ok,0.0,0.8333333333333334,0,3,0,6,3,50
1911,B,0,both,ok,0.0,0.75,0,22,0,3,21,87
1912,B,0,both,ok,0.0,0.75,0,5,0,10,10,65
1913,B,0,both,ok,0.0,0.5,0,4,1,8,4,72
1921,B,0,both,ok,0.0,0.3333333333333333,0,11,0,12,12,71
1923,B,0,both,ok,0.0,0.3333333333333333,0,0,0,4,0,57
1924,B,0,both,ok,0.0,0.3333333333333333,0,2,0,11,3,60
1936,B,0,both,ok,0.0,0.75,0,1,0,5,4,74
1937,B,0,both,ok,0.0,0.5,0,0,0,2,0,102
1938,B,0,both,ok,0.0,0.0,0,9,1,15,14,90
1939,B,0,both,ok,0.0,0.2,2,10,0,15,11,86
1940,B,0,both,ok,0.0,0.8,0,7,0,7,8,81
1943,B,0,both,ok,1.0,1.0,0,4,0,12,6,85
1944,B,0,both,ok,1.0,1.0,0,1,0,10,5,65
1946,B,0,both,ok,1.0,1.0,0,0,0,12,4,84
1955,B,0,both,ok,0.0,0.25,0,5,1,9,6,91
1957,B,0,both,ok,0.0,0.0,0,7,1,8,10,78
1961,B,0,both,ok,0.0,0.25,0,5,0,6,6,74
1973,B,0,both,ok,0.0,0.4,0,5,0,12,2,102
1977,B,0,both,ok,0.0,0.5714285714285714,0,4,0,5,3,78
1979,B,0,both,ok,0.0,0.25,0,2,0,10,3,100
1980,B,0,both,ok,0.0,0.6666666666666666,0,5,0,7,9,85
1986,B,0,both,ok,0.0,0.14285714285714285,0,8,0,13,9,77
1994,B,0,both,ok,1.0,1.0,0,2,0,9,5,79
1996,B,0,both,ok,1.0,1.0,0,1,0,2,1,62
1998,B,0,both,ok,0.0,0.3333333333333333,0,8,0,16,11,89
444,A,0,a0,ok,0.0,0.0,0,6,0,2,5,89
450,A,0,a0,ok,0.0,0.3076923076923077,0,5,0,11,11,95
451,A,0,a0,ok,0.0,0.0,0,1,0,1,3,54
456,A,0,a0,ok,0.0,0.6,0,7,0,7,7,58
1621,A,0,a0,ok,0.0,0.4,0,5,0,6,6,77
1622,A,0,a0,ok,0.0,0.5,3,7,0,14,4,102
1646,A,0,a0,ok,1.0,1.0,0,2,2,3,1,87
1655,A,0,a0,ok,0.0,0.8,0,4,0,7,7,58
1656,A,0,a0,ok,0.0,0.8,0,3,0,7,6,61
1663,A,0,a0,ok,0.0,0.0,0,9,0,0,9,99
1674,A,0,a0,ok,0.0,0.5,0,3,0,4,2,93
1683,A,0,a0,ok,0.0,0.0,0,5,0,0,6,54
1687,A,0,a0,ok,0.0,0.0,0,12,0,17,7,85
1697,A,0,a0,ok,0.0,0.0,0,0,0,17,0,95
1701,A,0,a0,ok,1.0,1.0,0,2,0,6,4,73
1704,A,0,a0,ok,0.0,0.5,0,0,0,3,4,54
1716,A,0,a0,ok,0.0,0.5,2,7,0,13,11,91
1718,A,0,a0,ok,0.0,0.75,0,2,0,6,3,77
1719,A,0,a0,ok,0.0,0.25,0,6,0,12,7,97
1723,A,0,a0,ok,0.0,0.75,0,2,0,7,3,54
1731,A,0,a0,ok,1.0,1.0,0,15,1,12,15,71
1733,A,0,a0,ok,0.0,0.6666666666666666,0,1,0,2,3,47
1734,A,0,a0,ok,1.0,1.0,0,3,0,8,12,76
1744,A,0,a0,ok,0.0,0.6,0,5,0,16,9,92
1750,A,0,a0,ok,1.0,1.0,0,4,0,11,7,71
1751,A,0,a0,ok,0.0,0.75,0,5,2,5,4,76
1756,A,0,a0,ok,1.0,1.0,0,2,0,2,5,74
1760,A,0,a0,ok,0.0,0.25,0,3,1,12,4,87
1761,A,0,a0,ok,0.0,0.5,2,3,0,3,6,59
1762,A,0,a0,ok,0.0,0.75,0,9,0,3,9,95
1773,A,0,a0,ok,0.0,0.6,0,1,0,1,1,91
1777,A,0,a0,ok,0.0,0.7142857142857143,0,5,0,11,10,85
1778,A,0,a0,ok,0.0,0.42857142857142855,0,3,0,0,2,84
1779,A,0,a0,ok,0.0,0.2857142857142857,0,2,0,1,1,80
1803,A,0,a0,ok,1.0,1.0,0,0,0,2,3,65
1804,A,0,a0,ok,0.0,0.25,2,12,1,13,11,82
1806,A,0,a0,ok,1.0,1.0,0,1,1,10,4,60
1807,A,0,a0,ok,1.0,1.0,0,9,2,17,13,94
1808,A,0,a0,ok,0.0,0.25,0,13,0,18,10,93
1809,A,0,a0,ok,1.0,1.0,0,4,0,8,11,87
1811,A,0,a0,ok,0.0,0.3333333333333333,2,4,0,9,8,61
1831,A,0,a0,ok,0.0,0.875,0,1,0,1,5,91
1835,A,0,a0,ok,0.0,0.5,0,4,0,5,5,88
1838,A,0,a0,ok,0.0,0.75,0,0,0,6,0,60
1839,A,0,a0,ok,1.0,1.0,0,0,0,0,0,46
1840,A,0,a0,ok,0.0,0.16666666666666666,0,3,0,6,8,78
1841,A,0,a0,ok,0.0,0.6,0,8,2,6,8,94
1842,A,0,a0,ok,0.0,0.75,1,7,0,7,6,82
1843,A,0,a0,ok,0.0,0.25,0,6,0,7,6,70
1844,A,0,a0,ok,0.0,0.2,0,6,0,9,6,102
1849,A,0,a0,ok,1.0,1.0,0,1,0,2,1,52
1850,A,0,a0,ok,0.0,0.6666666666666666,0,7,0,5,8,77
1854,A,0,a0,ok,0.0,0.0,0,15,0,0,0,68
1857,A,0,a0,ok,0.0,0.45454545454545453,0,0,0,3,1,28
1859,A,0,a0,ok,0.0,0.2727272727272727,0,4,0,10,6,80
1875,A,0,a0,ok,0.0,0.3333333333333333,2,3,0,7,3,55
1876,A,0,a0,ok,0.0,0.625,0,2,0,9,1,93
1907,A,0,a0,ok,0.0,0.5,0,0,0,0,1,70
1932,A,0,a0,ok,0.0,0.4,0,3,0,5,8,77
1933,A,0,a0,ok,0.0,0.25,0,4,0,7,8,75
1934,A,0,a0,ok,0.0,0.25,0,7,0,9,2,96
1935,A,0,a0,ok,0.0,0.0,0,1,0,3,2,68
1945,A,0,a0,ok,1.0,1.0,0,2,0,4,7,61
1947,A,0,a0,ok,0.0,0.6666666666666666,0,1,0,8,6,54
1948,A,0,a0,ok,1.0,1.0,0,1,1,14,4,71
1954,A,0,a0,ok,0.0,0.0,0,9,0,9,15,82
1956,A,0,a0,ok,0.0,0.75,0,12,1,3,18,79
1958,A,0,a0,ok,0.0,0.3333333333333333,0,18,0,17,16,93
1960,A,0,a0,ok,0.0,0.125,0,1,0,1,2,81
1962,A,0,a0,ok,0.0,0.75,0,14,0,9,15,98
1963,A,0,a0,ok,0.0,0.0,0,6,1,24,7,94
1964,A,0,a0,ok,0.0,0.75,0,6,0,9,11,95
1965,A,0,a0,ok,0.0,0.75,0,5,0,4,1,102
1971,A,0,a0,ok,0.0,0.3333333333333333,0,5,0,2,3,91
1974,A,0,a0,ok,1.0,1.0,0,0,0,6,3,52
1975,A,0,a0,ok,0.0,0.5,0,3,0,7,5,89
1978,A,0,a0,ok,1.0,1.0,0,7,4,13,8,59
1981,A,0,a0,ok,0.0,0.16666666666666666,0,6,0,3,1,68
1982,A,0,a0,ok,1.0,1.0,0,8,1,1,8,69
1983,A,0,a0,ok,0.0,0.3333333333333333,0,6,1,9,7,93
1984,A,0,a0,ok,0.0,0.6666666666666666,0,7,1,10,6,102
1987,A,0,a0,ok,0.0,0.07692307692307693,4,10,0,11,16,82
1988,A,0,a0,ok,0.0,0.06666666666666667,0,5,0,10,10,80
1989,A,0,a0,ok,0.0,0.058823529411764705,0,8,0,6,10,79
1990,A,0,a0,ok,0.0,0.4,0,3,0,12,7,73
1991,A,0,a0,ok,0.0,0.6,0,5,0,12,7,74
1993,A,0,a0,ok,0.0,0.5,0,0,0,5,5,76
1995,A,0,a0,ok,0.0,0.0,2,5,0,7,7,89
1997,A,0,a0,ok,0.0,0.3333333333333333,0,4,0,8,4,55
1999,A,0,a0,ok,0.0,0.25,0,8,0,3,6,77
433,B,0,a0,ok,0.0,0.5,0,4,1,12,7,66
436,B,0,a0,ok,0.0,0.6666666666666666,0,3,1,13,4,62
438,B,0,a0,ok,0.0,0.8,0,0,0,0,5,59
439,B,0,a0,ok,0.0,0.75,0,7,2,8,11,78
442,B,0,a0,ok,0.0,0.5,0,0,0,0,1,89
443,B,0,a0,ok,0.0,0.0,0,4,0,0,3,84
445,B,0,a0,ok,1.0,1.0,0,3,0,2,3,32
446,B,0,a0,ok,0.0,0.0,0,5,0,4,5,78
447,B,0,a0,ok,0.0,0.0,0,3,0,1,2,97
448,B,0,a0,ok,0.0,0.6666666666666666,0,1,0,6,7,49
449,B,0,a0,ok,0.0,0.0,0,6,1,8,8,93
452,B,0,a0,ok,0.0,0.5,0,1,0,3,2,29
454,B,0,a0,ok,0.0,0.3333333333333333,0,9,0,16,0,64
455,B,0,a0,ok,0.0,0.5,1,11,0,6,10,69
458,B,0,a0,ok,0.0,0.4444444444444444,0,7,0,6,3,86
1623,B,0,a0,ok,1.0,1.0,0,6,1,9,4,62
1637,B,0,a0,ok,0.0,0.0,0,3,0,0,0,85
1662,B,0,a0,ok,0.0,0.4,1,15,0,6,14,93
1664,B,0,a0,ok,0.0,0.0,0,4,3,9,2,61
1673,B,0,a0,ok,0.0,0.5,0,9,0,10,11,75
1682,B,0,a0,ok,0.0,0.6666666666666666,3,17,2,8,18,102
1684,B,0,a0,ok,1.0,1.0,0,4,0,1,6,43
1685,B,0,a0,ok,0.0,0.0,0,2,0,4,2,59
1688,B,0,a0,ok,0.0,0.0,0,1,0,5,4,74
1689,B,0,a0,ok,1.0,1.0,0,6,2,6,5,79
1698,B,0,a0,ok,0.0,0.0,0,10,0,18,10,82
1699,B,0,a0,ok,0.0,0.5,0,0,0,6,1,66
1703,B,0,a0,ok,1.0,1.0,0,3,0,4,4,53
1720,B,0,a0,ok,0.0,0.0,2,5,0,10,11,77
1724,B,0,a0,ok,0.0,0.3333333333333333,0,3,0,6,4,65
1732,B,0,a0,ok,0.0,0.6666666666666666,0,2,0,1,3,52
1735,B,0,a0,ok,0.0,0.25,2,16,0,9,15,84
1736,B,0,a0,ok,0.0,0.75,0,4,0,4,8,72
1737,B,0,a0,ok,0.0,0.75,0,5,2,11,5,54
1745,B,0,a0,ok,0.0,0.3333333333333333,1,7,0,13,12,71
1746,B,0,a0,ok,0.0,0.75,0,9,1,8,9,90
1747,B,0,a0,ok,0.0,0.6666666666666666,0,8,0,6,3,94
1748,B,0,a0,ok,0.0,0.0,0,0,0,0,6,60
1749,B,0,a0,ok,0.0,0.8,0,1,0,0,1,78
1752,B,0,a0,ok,0.0,0.75,0,0,0,0,1,31
1753,B,0,a0,ok,0.0,0.5,2,6,3,17,7,71
1757,B,0,a0,ok,0.0,0.625,0,2,0,5,4,98
1758,B,0,a0,ok,0.0,0.42857142857142855,4,8,0,11,9,79
1759,B,0,a0,ok,0.0,0.3333333333333333,1,9,0,17,11,88
1764,B,0,a0,ok,0.0,0.4,2,6,0,6,7,80
1774,B,0,a0,ok,0.0,0.2,0,3,0,11,10,84
1776,B,0,a0,ok,0.0,0.8571428571428571,0,9,2,12,8,93
1780,B,0,a0,ok,0.0,0.8571428571428571,2,8,2,9,8,76
1790,B,0,a0,ok,0.0,0.75,0,2,1,8,2,81
1791,B,0,a0,ok,0.0,0.5,0,1,0,11,7,68
1792,B,0,a0,ok,0.0,0.75,0,1,0,6,1,50
1797,B,0,a0,ok,1.0,1.0,2,3,0,8,8,56
1798,B,0,a0,ok,0.0,0.75,0,1,0,3,4,71
1799,B,0,a0,ok,1.0,1.0,0,4,0,0,3,64
1800,B,0,a0,ok,0.0,0.6666666666666666,0,0,0,2,2,69
1805,B,0,a0,ok,0.0,0.0,0,0,0,0,0,25
1810,B,0,a0,ok,0.0,0.3333333333333333,0,6,0,7,3,53
1812,B,0,a0,ok,0.0,0.0,0,4,0,10,4,57
1833,B,0,a0,ok,0.0,0.16666666666666666,0,11,0,2,11,82
1834,B,0,a0,ok,0.0,0.5,0,11,0,11,9,76
1836,B,0,a0,ok,1.0,1.0,0,5,0,5,6,72
1837,B,0,a0,ok,0.0,0.8571428571428571,0,8,2,7,14,93
1845,B,0,a0,ok,0.0,0.5,0,1,0,6,5,78
1847,B,0,a0,ok,1.0,1.0,2,4,0,5,4,49
1848,B,0,a0,ok,0.0,0.3333333333333333,0,14,0,3,1,76
1851,B,0,a0,ok,1.0,1.0,0,3,0,10,4,68
1852,B,0,a0,ok,0.0,0.6666666666666666,0,2,0,7,6,68
1853,B,0,a0,ok,0.0,0.3,0,8,0,6,9,74
1855,B,0,a0,ok,0.0,0.25,0,5,0,7,8,95
1856,B,0,a0,ok,0.0,0.5454545454545454,0,3,2,11,3,95
1858,B,0,a0,ok,0.0,0.07692307692307693,0,2,0,7,7,85
1863,B,0,a0,ok,0.0,0.5,0,9,2,9,8,81
1873,B,0,a0,ok,1.0,1.0,1,3,0,6,3,83
1874,B,0,a0,ok,0.0,0.5,0,6,0,6,6,78
1890,B,0,a0,ok,0.0,0.3333333333333333,0,1,0,4,3,62
1891,B,0,a0,ok,0.0,0.6666666666666666,0,1,0,4,2,81
1904,B,0,a0,ok,1.0,1.0,3,2,2,6,3,40
1905,B,0,a0,ok,1.0,1.0,0,2,1,4,6,80
1906,B,0,a0,ok,0.0,0.16666666666666666,1,5,0,7,4,74
1908,B,0,a0,ok,0.0,0.3333333333333333,0,7,0,0,0,71
1909,B,0,a0,ok,0.0,0.3333333333333333,0,4,0,7,6,77
1910,B,0,a0,ok,0.0,0.6666666666666666,3,6,0,9,6,77
1911,B,0,a0,ok,0.0,0.75,0,3,0,6,5,67
1912,B,0,a0,ok,0.0,0.75,2,13,0,5,11,80
1913,B,0,a0,ok,0.0,0.75,0,1,0,3,1,64
1921,B,0,a0,ok,1.0,1.0,0,9,0,13,14,66
1923,B,0,a0,ok,0.0,0.6666666666666666,0,5,0,7,7,81
1924,B,0,a0,ok,0.0,0.6666666666666666,0,9,0,6,8,86
1936,B,0,a0,ok,0.0,0.5,0,6,0,5,6,93
1937,B,0,a0,ok,0.0,0.0,0,9,0,5,5,95
1938,B,0,a0,ok,0.0,0.0,0,1,0,3,7,90
1939,B,0,a0,ok,0.0,0.6,0,9,0,17,10,95
1940,B,0,a0,ok,0.0,0.6,0,16,0,5,15,91
1943,B,0,a0,ok,0.0,0.75,0,2,0,8,2,65
1944,B,0,a0,ok,0.0,0.75,0,4,0,7,6,78
1946,B,0,a0,ok,1.0,1.0,0,2,0,7,7,80
1955,B,0,a0,ok,0.0,0.0,0,3,2,5,9,80
1957,B,0,a0,ok,0.0,0.0,2,19,1,13,16,81
1961,B,0,a0,ok,0.0,0.0,2,3,0,6,3,55
1973,B,0,a0,ok,0.0,0.6,0,2,0,7,4,89
1977,B,0,a0,ok,0.0,0.5714285714285714,0,1,0,6,2,93
1979,B,0,a0,ok,0.0,0.5,0,1,0,1,2,65
1980,B,0,a0,ok,0.0,0.6666666666666666,0,2,0,4,3,58
1986,B,0,a0,ok,0.0,0.14285714285714285,1,5,1,12,11,73
1994,B,0,a0,ok,0.0,0.6666666666666666,0,1,0,2,3,73
1996,B,0,a0,ok,0.0,0.3333333333333333,0,2,0,7,9,75
1998,B,0,a0,ok,0.0,0.6666666666666666,0,0,0,3,5,74
444,A,0,a1,ok,0.0,0.16666666666666666,0,1,0,0,1,91
450,A,0,a1,ok,0.0,0.15384615384615385,0,5,0,17,9,86
451,A,0,a1,ok,0.0,0.0,0,4,0,12,10,77
456,A,0,a1,ok,0.0,0.8,0,0,0,4,2,61
1621,A,0,a1,ok,0.0,0.4,0,3,0,5,2,92
1622,A,0,a1,ok,1.0,1.0,0,0,0,14,2,73
1646,A,0,a1,ok,1.0,1.0,0,2,0,4,1,45
1655,A,0,a1,ok,0.0,0.8,0,5,1,3,7,51
1656,A,0,a1,ok,0.0,0.2,0,12,0,5,14,70
1663,A,0,a1,ok,0.0,0.0,0,22,0,0,22,100
1674,A,0,a1,ok,1.0,1.0,0,10,2,17,16,84
1683,A,0,a1,ok,0.0,0.0,0,15,0,2,13,102
1687,A,0,a1,ok,0.0,0.8,0,9,0,10,13,82
1697,A,0,a1,ok,0.0,0.0,0,0,0,0,0,41
1701,A,0,a1,ok,1.0,1.0,0,4,0,13,12,74
1704,A,0,a1,ok,0.0,0.25,0,9,0,9,12,98
1716,A,0,a1,ok,0.0,0.75,0,1,0,5,2,44
1718,A,0,a1,ok,0.0,0.5,0,6,1,9,6,83
1719,A,0,a1,ok,0.0,0.0,0,3,0,5,4,71
1723,A,0,a1,ok,0.0,0.5,0,6,0,1,4,68
1731,A,0,a1,ok,0.0,0.3333333333333333,0,5,0,8,6,100
1733,A,0,a1,ok,1.0,1.0,0,1,0,2,1,59
1734,A,0,a1,ok,1.0,1.0,0,2,1,1,3,34
1744,A,0,a1,ok,0.0,0.6,0,3,0,12,5,90
1750,A,0,a1,ok,0.0,0.6666666666666666,0,5,0,9,11,92
1751,A,0,a1,ok,1.0,1.0,0,1,1,2,1,42
1756,A,0,a1,ok,1.0,1.0,0,2,0,5,1,90
1760,A,0,a1,ok,0.0,0.25,0,1,1,3,1,52
1761,A,0,a1,ok,0.0,0.6666666666666666,0,5,0,8,10,79
1762,A,0,a1,ok,0.0,0.75,0,1,0,8,4,60
1773,A,0,a1,ok,0.0,0.6,0,1,0,4,4,58
1777,A,0,a1,ok,0.0,0.0,0,8,0,12,17,82
1778,A,0,a1,ok,0.0,0.7142857142857143,0,5,0,9,11,80
1779,A,0,a1,ok,0.0,0.5714285714285714,0,4,0,10,7,97
1803,A,0,a1,ok,1.0,1.0,0,3,0,6,7,55
1804,A,0,a1,ok,0.0,0.5,0,3,0,4,3,79
1806,A,0,a1,ok,1.0,1.0,0,7,0,2,9,50
1807,A,0,a1,ok,0.0,0.6666666666666666,0,0,0,0,0,51
1808,A,0,a1,ok,1.0,1.0,0,3,0,3,0,49
1809,A,0,a1,ok,0.0,0.5,0,0,0,0,0,50
1811,A,0,a1,ok,1.0,1.0,0,4,2,6,8,61
1831,A,0,a1,ok,0.0,0.25,0,5,1,7,3,96
1835,A,0,a1,ok,0.0,0.75,0,3,0,7,3,37
1838,A,0,a1,ok,1.0,1.0,0,8,1,5,6,93
1839,A,0,a1,ok,0.0,0.75,0,1,0,3,0,86
1840,A,0,a1,ok,0.0,0.0,0,4,0,6,5,83
1841,A,0,a1,ok,0.0,0.4,0,6,0,3,3,63
1842,A,0,a1,ok,1.0,1.0,0,4,0,7,5,58
1843,A,0,a1,ok,0.0,0.5,0,7,0,9,8,92
1844,A,0,a1,ok,0.0,0.6,0,7,0,5,7,91
1849,A,0,a1,ok,1.0,1.0,0,3,0,7,5,55
1850,A,0,a1,ok,0.0,0.3333333333333333,0,5,0,5,12,75
1854,A,0,a1,ok,0.0,0.21428571428571427,0,0,0,0,6,70
1857,A,0,a1,ok,0.0,0.2727272727272727,0,4,0,1,2,78
1859,A,0,a1,ok,0.0,0.2727272727272727,0,3,0,5,10,77
1875,A,0,a1,ok,1.0,1.0,0,2,0,3,0,42
1876,A,0,a1,ok,0.0,0.5,0,3,0,2,2,93
1907,A,0,a1,ok,0.0,0.0,0,9,0,9,9,91
1932,A,0,a1,ok,0.0,0.2,0,0,0,7,2,98
1933,A,0,a1,ok,0.0,0.75,0,5,2,11,7,60
1934,A,0,a1,ok,0.0,0.25,0,5,0,9,5,96
1935,A,0,a1,noneaction,0.0,0.0,,,,,,
1945,A,0,a1,ok,1.0,1.0,0,3,0,3,3,77
1947,A,0,a1,ok,0.0,0.6666666666666666,0,0,0,1,0,65
1948,A,0,a1,ok,1.0,1.0,0,3,0,7,4,70
1954,A,0,a1,ok,0.0,0.25,0,4,1,6,2,51
1956,A,0,a1,ok,1.0,1.0,0,0,0,0,4,50
1958,A,0,a1,ok,0.0,0.6666666666666666,0,4,0,2,2,39
1960,A,0,a1,ok,0.0,0.0,0,1,1,3,1,85
1962,A,0,a1,ok,0.0,0.25,0,4,0,9,3,93
1963,A,0,a1,ok,0.0,0.25,0,0,0,3,1,68
1964,A,0,a1,ok,0.0,0.5,2,7,0,5,11,79
1965,A,0,a1,ok,0.0,0.75,0,4,1,4,6,93
1971,A,0,a1,ok,0.0,0.6666666666666666,0,2,0,2,5,63
1974,A,0,a1,ok,0.0,0.6666666666666666,0,5,0,6,10,64
1975,A,0,a1,ok,1.0,1.0,0,2,0,6,4,58
1978,A,0,a1,ok,1.0,1.0,0,1,0,3,1,64
1981,A,0,a1,ok,0.0,0.5,0,11,0,2,15,79
1982,A,0,a1,ok,1.0,1.0,0,6,1,8,6,67
1983,A,0,a1,ok,0.0,0.6666666666666666,0,0,0,1,7,58
1984,A,0,a1,ok,0.0,0.6666666666666666,0,0,0,6,3,59
1987,A,0,a1,ok,0.0,0.23076923076923078,0,4,0,14,8,50
1988,A,0,a1,ok,0.0,0.06666666666666667,0,0,0,14,8,60
1989,A,0,a1,ok,0.0,0.11764705882352941,0,6,1,14,12,61
1990,A,0,a1,ok,0.0,0.0,0,2,0,4,4,64
1991,A,0,a1,ok,0.0,0.6,0,5,0,6,9,73
1993,A,0,a1,ok,0.0,0.75,0,4,1,12,9,83
1995,A,0,a1,ok,0.0,0.2,0,0,0,0,0,85
1997,A,0,a1,ok,1.0,1.0,0,1,0,2,1,85
1999,A,0,a1,ok,0.0,0.5,0,4,0,10,6,78
433,B,0,a1,ok,0.0,0.16666666666666666,0,9,0,12,9,101
436,B,0,a1,ok,0.0,0.3333333333333333,0,15,0,10,16,79
438,B,0,a1,ok,0.0,0.4,0,4,0,2,2,62
439,B,0,a1,ok,0.0,0.75,0,2,0,4,11,67
442,B,0,a1,ok,0.0,0.5,0,0,0,5,3,42
443,B,0,a1,ok,0.0,0.5,0,2,0,7,2,40
445,B,0,a1,ok,0.0,0.6666666666666666,0,7,0,13,7,66
446,B,0,a1,ok,0.0,0.75,0,3,1,5,7,64
447,B,0,a1,ok,0.0,0.5,0,1,0,4,3,67
448,B,0,a1,ok,0.0,0.6666666666666666,0,1,0,1,3,78
449,B,0,a1,ok,0.0,0.5,0,0,0,3,4,56
452,B,0,a1,ok,0.0,0.5,0,2,0,3,2,29
454,B,0,a1,ok,0.0,0.5,0,0,0,2,6,35
455,B,0,a1,ok,0.0,0.0,0,1,0,3,3,64
458,B,0,a1,ok,0.0,0.4444444444444444,0,15,0,9,18,89
1623,B,0,a1,ok,1.0,1.0,0,5,0,12,9,66
1637,B,0,a1,ok,1.0,1.0,0,3,0,6,4,66
1662,B,0,a1,ok,0.0,0.4,0,7,1,10,5,98
1664,B,0,a1,ok,0.0,0.4,0,2,0,6,15,67
1673,B,0,a1,ok,0.0,0.75,0,2,0,9,5,56
1682,B,0,a1,ok,0.0,0.8333333333333334,2,6,0,9,11,70
1684,B,0,a1,ok,0.0,0.6666666666666666,0,8,0,5,13,86
1685,B,0,a1,ok,0.0,0.0,0,4,0,8,5,80
1688,B,0,a1,ok,1.0,1.0,0,0,0,2,4,68
1689,B,0,a1,ok,0.0,0.6666666666666666,0,0,0,0,0,98
1698,B,0,a1,ok,0.0,0.3333333333333333,0,4,0,6,2,75
1699,B,0,a1,ok,0.0,0.5,0,4,0,9,8,57
1703,B,0,a1,ok,1.0,1.0,0,1,0,3,3,64
1720,B,0,a1,ok,0.0,0.25,0,6,0,9,10,64
1724,B,0,a1,ok,0.0,0.0,2,9,1,7,11,62
1732,B,0,a1,ok,0.0,0.3333333333333333,0,1,0,8,5,51
1735,B,0,a1,ok,1.0,1.0,0,5,0,5,8,71
1736,B,0,a1,ok,0.0,0.5,0,4,0,13,6,67
1737,B,0,a1,ok,0.0,0.75,0,4,0,14,8,92
1745,B,0,a1,ok,0.0,0.3333333333333333,0,6,1,6,4,68
1746,B,0,a1,ok,0.0,0.25,0,1,0,2,1,76
1747,B,0,a1,ok,0.0,0.0,0,7,0,7,13,72
1748,B,0,a1,ok,0.0,0.75,0,3,0,3,11,65
1749,B,0,a1,ok,0.0,0.6,0,2,0,5,3,66
1752,B,0,a1,ok,1.0,1.0,0,0,0,0,0,46
1753,B,0,a1,ok,0.0,0.16666666666666666,0,8,0,3,8,102
1757,B,0,a1,ok,0.0,0.5,0,4,1,7,3,79
1758,B,0,a1,ok,1.0,1.0,0,12,0,7,9,77
1759,B,0,a1,noneaction,0.0,0.0,,,,,,
1764,B,0,a1,ok,0.0,0.6,0,2,2,7,3,65
1774,B,0,a1,ok,0.0,0.4,0,9,0,15,11,83
1776,B,0,a1,ok,0.0,0.42857142857142855,0,11,0,15,10,96
1780,B,0,a1,ok,0.0,0.7142857142857143,0,4,0,2,5,98
1790,B,0,a1,ok,0.0,0.75,0,0,0,5,4,58
1791,B,0,a1,ok,0.0,0.75,0,5,1,13,8,77
1792,B,0,a1,ok,1.0,1.0,0,7,0,7,1,69
1797,B,0,a1,ok,1.0,1.0,0,4,0,9,3,52
1798,B,0,a1,ok,0.0,0.75,0,2,0,3,2,73
1799,B,0,a1,ok,0.0,0.5,0,3,0,13,7,61
1800,B,0,a1,ok,0.0,0.3333333333333333,0,8,0,8,11,78
1805,B,0,a1,ok,1.0,1.0,0,3,1,9,6,49
1810,B,0,a1,ok,0.0,0.3333333333333333,0,1,0,4,2,41
1812,B,0,a1,ok,1.0,1.0,0,1,0,6,3,44
1833,B,0,a1,ok,0.0,0.5,0,0,0,1,0,102
1834,B,0,a1,noneaction,0.0,0.0,,,,,,
1836,B,0,a1,ok,0.0,0.0,0,10,0,10,16,77
1837,B,0,a1,ok,0.0,0.7142857142857143,0,3,0,6,15,92
1845,B,0,a1,ok,0.0,0.0,0,6,0,17,14,86
1847,B,0,a1,ok,1.0,1.0,0,1,0,3,3,77
1848,B,0,a1,ok,0.0,0.6666666666666666,0,7,0,2,5,77
1851,B,0,a1,ok,0.0,0.6666666666666666,0,0,0,4,7,71
1852,B,0,a1,ok,0.0,0.6666666666666666,0,4,1,11,6,97
1853,B,0,a1,ok,0.0,0.3,0,2,0,10,4,91
1855,B,0,a1,ok,0.0,0.3333333333333333,0,2,0,4,4,85
1856,B,0,a1,ok,0.0,0.18181818181818182,0,12,0,4,17,65
1858,B,0,a1,ok,0.0,0.15384615384615385,0,4,0,5,9,93
1863,B,0,a1,ok,0.0,0.25,0,10,0,5,12,93
1873,B,0,a1,ok,0.0,0.3333333333333333,0,2,0,2,2,63
1874,B,0,a1,ok,0.0,0.75,0,3,0,7,5,75
1890,B,0,a1,ok,0.0,0.5,0,0,0,0,0,32
1891,B,0,a1,ok,0.0,0.6666666666666666,0,6,0,12,8,83
1904,B,0,a1,ok,1.0,1.0,0,5,0,6,3,45
1905,B,0,a1,ok,1.0,1.0,0,3,0,3,2,37
1906,B,0,a1,ok,0.0,0.5,0,3,0,5,8,79
1908,B,0,a1,ok,0.0,0.5,0,1,0,4,2,94
1909,B,0,a1,ok,0.0,0.8333333333333334,0,4,1,12,7,58
1910,B,0,a1,ok,0.0,0.3333333333333333,0,14,0,0,1,71
1911,B,0,a1,ok,0.0,0.0,0,0,0,0,0,55
1912,B,0,a1,ok,1.0,1.0,0,3,0,8,12,65
1913,B,0,a1,ok,0.0,0.75,0,1,0,6,2,68
1921,B,0,a1,ok,0.0,0.6666666666666666,0,4,0,7,8,44
1923,B,0,a1,ok,0.0,0.3333333333333333,0,8,0,1,7,102
1924,B,0,a1,ok,0.0,0.3333333333333333,0,18,0,1,19,68
1936,B,0,a1,ok,0.0,0.5,0,8,0,6,9,75
1937,B,0,a1,ok,0.0,0.0,0,7,0,6,9,94
1938,B,0,a1,ok,0.0,0.16666666666666666,0,12,2,13,18,90
1939,B,0,a1,ok,0.0,0.6,0,13,0,13,16,79
1940,B,0,a1,ok,0.0,0.2,0,4,0,10,8,95
1943,B,0,a1,ok,0.0,0.0,0,5,0,10,8,78
1944,B,0,a1,ok,0.0,0.75,0,3,2,4,2,76
1946,B,0,a1,ok,1.0,1.0,0,4,0,10,6,87
1955,B,0,a1,ok,0.0,0.0,0,7,0,5,8,73
1957,B,0,a1,ok,0.0,0.4,0,3,1,8,8,83
1961,B,0,a1,ok,0.0,0.25,0,3,0,4,9,56
1973,B,0,a1,ok,0.0,0.4,0,6,0,7,5,98
1977,B,0,a1,ok,0.0,0.5714285714285714,0,2,1,5,1,46
1979,B,0,a1,ok,0.0,0.25,0,3,1,6,3,91
1980,B,0,a1,ok,0.0,0.6666666666666666,0,1,0,3,1,44
1986,B,0,a1,ok,0.0,0.42857142857142855,0,7,1,10,14,73
1994,B,0,a1,ok,1.0,1.0,0,0,0,10,2,77
1996,B,0,a1,ok,0.0,0.3333333333333333,0,1,0,3,1,66
1998,B,0,a1,ok,0.0,0.3333333333333333,0,3,0,9,13,71
444,A,1,both,ok,0.0,0.3333333333333333,0,2,0,4,4,56
450,A,1,both,ok,0.0,0.15384615384615385,0,9,4,15,7,100
451,A,1,both,ok,0.0,0.0,0,4,1,6,6,47
456,A,1,both,ok,0.0,0.8,0,7,0,9,6,85
1621,A,1,both,ok,0.0,0.4,0,3,0,4,1,74
1622,A,1,both,ok,0.0,0.25,0,4,0,7,4,74
1646,A,1,both,ok,0.0,0.8333333333333334,0,6,0,10,7,98
1655,A,1,both,ok,0.0,0.8,0,3,0,6,5,58
1656,A,1,both,ok,0.0,0.6,0,10,0,16,10,72
1663,A,1,both,ok,0.0,0.0,0,10,0,0,10,97
1674,A,1,both,ok,1.0,1.0,0,9,1,10,10,74
1683,A,1,both,ok,1.0,1.0,0,2,0,4,2,76
1687,A,1,both,noneaction,0.0,0.0,,,,,,
1697,A,1,both,ok,0.0,0.8,0,6,0,6,6,82
1701,A,1,both,ok,1.0,1.0,0,7,1,12,12,80
1704,A,1,both,ok,0.0,0.5,0,4,0,14,7,79
1716,A,1,both,ok,0.0,0.25,0,3,0,4,2,83
1718,A,1,both,ok,0.0,0.75,0,20,0,8,18,69
1719,A,1,both,ok,0.0,0.5,0,2,0,8,5,69
1723,A,1,both,ok,0.0,0.5,0,3,0,8,4,66
1731,A,1,both,ok,0.0,0.3333333333333333,0,4,0,4,4,46
1733,A,1,both,ok,0.0,0.3333333333333333,2,7,0,10,8,78
1734,A,1,both,ok,1.0,1.0,0,2,0,4,2,76
1744,A,1,both,ok,1.0,1.0,0,5,0,10,12,66
1750,A,1,both,ok,1.0,1.0,0,3,0,9,6,74
1751,A,1,both,ok,0.0,0.75,0,3,0,8,4,77
1756,A,1,both,ok,0.0,0.25,0,3,1,11,5,69
1760,A,1,both,ok,0.0,0.25,0,7,0,11,2,85
1761,A,1,both,ok,0.0,0.6666666666666666,0,4,0,7,4,73
1762,A,1,both,ok,0.0,0.5,0,10,0,8,10,87
1773,A,1,both,ok,0.0,0.6,0,1,0,4,1,60
1777,A,1,both,ok,0.0,0.8571428571428571,0,6,0,10,6,87
1778,A,1,both,ok,0.0,0.5714285714285714,0,0,0,0,0,75
1779,A,1,both,ok,0.0,0.2857142857142857,0,13,0,7,5,95
1803,A,1,both,ok,1.0,1.0,0,3,0,14,6,65
1804,A,1,both,ok,0.0,0.75,0,7,3,12,7,87
1806,A,1,both,ok,1.0,1.0,0,4,1,6,3,63
1807,A,1,both,ok,0.0,0.0,0,9,0,11,8,95
1808,A,1,both,ok,1.0,1.0,0,3,0,8,3,62
1809,A,1,both,ok,0.0,0.75,0,3,0,10,5,90
1811,A,1,both,ok,1.0,1.0,0,3,0,2,1,70
1831,A,1,both,ok,0.0,0.0,0,3,0,12,2,93
1835,A,1,both,ok,0.0,0.25,0,4,0,9,7,67
1838,A,1,both,ok,1.0,1.0,0,1,0,6,4,63
1839,A,1,both,ok,0.0,0.75,0,3,0,5,1,102
1840,A,1,both,ok,0.0,0.3333333333333333,0,4,0,12,7,78
1841,A,1,both,ok,0.0,0.6,0,10,2,10,10,102
1842,A,1,both,ok,1.0,1.0,0,3,1,9,4,52
1843,A,1,both,ok,1.0,1.0,1,7,1,11,7,72
1844,A,1,both,ok,0.0,0.2,0,2,0,3,2,86
1849,A,1,both,ok,1.0,1.0,0,4,2,18,7,78
1850,A,1,both,ok,0.0,0.6666666666666666,2,2,0,10,2,94
1854,A,1,both,ok,0.0,0.07142857142857142,0,8,0,10,14,83
1857,A,1,both,ok,0.0,0.36363636363636365,0,4,0,5,6,75
1859,A,1,both,ok,0.0,0.18181818181818182,0,3,0,8,4,47
1875,A,1,both,ok,1.0,1.0,0,7,0,16,8,65
1876,A,1,both,ok,0.0,0.25,0,6,0,8,7,93
1907,A,1,both,ok,0.0,0.3333333333333333,0,10,0,7,5,88
1932,A,1,both,ok,0.0,0.2,0,7,1,8,4,87
1933,A,1,both,ok,1.0,1.0,0,3,0,9,9,79
1934,A,1,both,ok,0.0,0.5,0,7,0,6,6,92
1935,A,1,both,ok,0.0,0.0,0,9,0,6,3,102
1945,A,1,both,ok,0.0,0.5,0,5,2,7,8,76
1947,A,1,both,ok,0.0,0.3333333333333333,0,5,0,11,6,80
1948,A,1,both,ok,1.0,1.0,0,1,0,6,1,44
1954,A,1,both,ok,0.0,0.25,0,2,2,12,5,74
1956,A,1,both,ok,0.0,0.5,2,11,0,17,16,85
1958,A,1,both,ok,0.0,0.0,1,12,0,7,13,91
1960,A,1,both,ok,0.0,0.5,0,3,0,12,6,85
1962,A,1,both,ok,0.0,0.25,0,6,0,15,13,81
1963,A,1,both,ok,0.0,0.5,0,0,0,14,8,97
1964,A,1,both,ok,0.0,0.75,0,4,0,5,6,87
1965,A,1,both,ok,0.0,0.75,2,6,0,9,7,78
1971,A,1,both,ok,0.0,0.6666666666666666,0,9,0,9,6,79
1974,A,1,both,ok,0.0,0.6666666666666666,0,0,0,3,0,38
1975,A,1,both,ok,0.0,0.5,0,7,0,7,6,87
1978,A,1,both,ok,1.0,1.0,0,1,0,4,1,52
1981,A,1,both,ok,0.0,0.5,0,3,1,1,3,65
1982,A,1,both,ok,1.0,1.0,0,6,2,9,4,71
1983,A,1,both,ok,1.0,1.0,1,3,0,4,4,52
1984,A,1,both,ok,0.0,0.6666666666666666,0,2,0,3,2,49
1987,A,1,both,ok,0.0,0.07692307692307693,0,2,1,4,2,32
1988,A,1,both,ok,0.0,0.06666666666666667,0,3,3,12,3,81
1989,A,1,both,ok,0.0,0.058823529411764705,0,3,2,9,5,59
1990,A,1,both,ok,0.0,0.2,0,5,0,16,9,97
1991,A,1,both,ok,0.0,0.8,2,5,0,8,7,79
1993,A,1,both,ok,0.0,0.25,0,1,0,2,0,86
1995,A,1,both,ok,0.0,0.2,0,2,1,2,1,77
1997,A,1,both,ok,0.0,0.6666666666666666,0,2,0,3,0,49
1999,A,1,both,ok,0.0,0.25,0,4,1,8,11,86
433,B,1,both,ok,0.0,0.5,0,4,0,12,10,85
436,B,1,both,ok,0.0,0.6666666666666666,0,2,0,6,4,82
438,B,1,both,ok,0.0,0.2,0,4,0,8,4,85
439,B,1,both,ok,0.0,0.0,0,2,0,2,2,45
442,B,1,both,ok,0.0,0.5,0,2,0,13,8,53
443,B,1,both,ok,0.0,0.75,0,4,1,5,3,40
445,B,1,both,ok,1.0,1.0,0,0,0,4,2,49
446,B,1,both,ok,0.0,0.75,0,1,0,7,4,35
447,B,1,both,ok,0.0,0.5,0,4,0,6,5,65
448,B,1,both,ok,0.0,0.6666666666666666,0,4,0,2,4,61
449,B,1,both,ok,0.0,0.6666666666666666,0,6,1,9,9,76
452,B,1,both,ok,1.0,1.0,0,0,0,3,0,23
454,B,1,both,ok,0.0,0.0,0,4,0,7,6,68
455,B,1,both,ok,0.0,0.25,0,2,0,5,3,65
458,B,1,both,ok,0.0,0.3333333333333333,0,12,0,12,12,80
1623,B,1,both,ok,1.0,1.0,0,8,0,13,8,82
1637,B,1,both,ok,1.0,1.0,0,0,0,6,0,65
1662,B,1,both,ok,0.0,0.4,0,10,1,4,10,82
1664,B,1,both,ok,0.0,0.2,0,7,0,9,14,93
1673,B,1,both,ok,0.0,0.25,0,20,1,15,20,99
1682,B,1,both,ok,0.0,0.8333333333333334,0,9,0,9,10,55
1684,B,1,both,ok,0.0,0.6666666666666666,0,18,0,10,23,89
1685,B,1,both,ok,0.0,0.6666666666666666,0,3,1,4,2,65
1688,B,1,both,ok,0.0,0.0,0,4,0,5,4,83
1689,B,1,both,ok,0.0,0.0,0,0,0,0,0,76
1698,B,1,both,ok,0.0,0.3333333333333333,0,3,0,6,5,73
1699,B,1,both,ok,0.0,0.5,0,5,0,12,8,95
1703,B,1,both,ok,1.0,1.0,0,4,0,13,6,82
1720,B,1,both,ok,0.0,0.0,0,5,2,12,9,73
1724,B,1,both,ok,0.0,0.3333333333333333,0,6,0,16,11,68
1732,B,1,both,ok,1.0,1.0,0,6,1,10,9,73
1735,B,1,both,ok,0.0,0.5,0,13,0,14,16,86
1736,B,1,both,ok,0.0,0.25,4,10,1,17,12,96
1737,B,1,both,ok,0.0,0.75,0,3,0,5,4,80
1745,B,1,both,ok,0.0,0.3333333333333333,0,4,0,5,4,73
1746,B,1,both,ok,1.0,1.0,0,6,0,3,6,64
1747,B,1,both,ok,0.0,0.6666666666666666,0,7,0,8,9,78
1748,B,1,both,ok,0.0,0.0,0,20,0,7,21,89
1749,B,1,both,ok,0.0,0.6,0,3,1,8,5,79
1752,B,1,both,ok,1.0,1.0,0,4,2,8,5,54
1753,B,1,both,ok,0.0,0.3333333333333333,0,7,2,13,6,96
1757,B,1,both,ok,0.0,0.5,0,9,0,2,3,93
1758,B,1,both,ok,0.0,0.2857142857142857,0,4,0,12,11,101
1759,B,1,both,ok,0.0,0.5,0,6,0,17,11,79
1764,B,1,both,ok,0.0,0.6,0,0,0,16,2,95
1774,B,1,both,ok,0.0,0.4,0,5,0,6,12,92
1776,B,1,both,ok,0.0,0.8571428571428571,0,7,0,4,5,83
1780,B,1,both,ok,0.0,0.42857142857142855,0,2,0,10,2,100
1790,B,1,both,ok,0.0,0.75,0,2,0,8,3,59
1791,B,1,both,ok,0.0,0.75,0,4,0,9,6,61
1792,B,1,both,ok,0.0,0.75,0,13,0,10,11,87
1797,B,1,both,ok,0.0,0.75,0,2,0,7,1,68
1798,B,1,both,ok,0.0,0.75,0,5,0,17,7,78
1799,B,1,both,ok,1.0,1.0,0,5,0,15,7,76
1800,B,1,both,ok,0.0,0.0,0,3,0,7,5,52
1805,B,1,both,noneaction,0.0,0.0,,,,,,
1810,B,1,both,ok,0.0,0.6666666666666666,0,0,0,4,2,61
1812,B,1,both,ok,1.0,1.0,0,2,1,7,6,61
1833,B,1,both,ok,1.0,1.0,2,10,0,20,14,92
1834,B,1,both,ok,0.0,0.5,0,11,0,9,13,88
1836,B,1,both,ok,0.0,0.75,0,4,1,9,4,58
1837,B,1,both,ok,1.0,1.0,0,3,0,2,5,66
1845,B,1,both,noneaction,0.0,0.0,,,,,,
1847,B,1,both,noneaction,0.0,0.0,,,,,,
1848,B,1,both,ok,1.0,1.0,0,1,0,2,1,41
1851,B,1,both,ok,0.0,0.3333333333333333,0,3,0,4,4,74
1852,B,1,both,ok,0.0,0.0,0,1,1,5,3,53
1853,B,1,both,ok,0.0,0.3,0,2,0,8,2,50
1855,B,1,both,ok,0.0,0.25,2,6,2,10,6,93
1856,B,1,both,ok,0.0,0.45454545454545453,2,10,0,11,9,93
1858,B,1,both,ok,0.0,0.5384615384615384,0,2,0,8,6,71
1863,B,1,both,ok,0.0,0.25,0,11,0,16,12,87
1873,B,1,both,ok,1.0,1.0,2,5,0,6,4,63
1874,B,1,both,ok,0.0,0.5,0,6,1,10,6,69
1890,B,1,both,ok,0.0,0.0,0,0,0,3,2,52
1891,B,1,both,ok,0.0,0.8333333333333334,0,4,1,11,2,80
1904,B,1,both,ok,1.0,1.0,0,3,0,3,2,43
1905,B,1,both,ok,1.0,1.0,0,4,0,7,7,81
1906,B,1,both,ok,0.0,0.5,0,3,0,15,11,94
1908,B,1,both,ok,0.0,0.8333333333333334,0,1,0,7,2,86
1909,B,1,both,ok,0.0,0.3333333333333333,0,6,0,11,2,85
1910,B,1,both,ok,0.0,0.8333333333333334,0,5,1,10,7,79
1911,B,1,both,ok,0.0,0.0,0,0,0,0,0,55
1912,B,1,both,ok,1.0,1.0,0,3,1,10,8,69
1913,B,1,both,ok,1.0,1.0,0,1,0,6,4,69
1921,B,1,both,ok,1.0,1.0,0,4,0,9,4,54
1923,B,1,both,ok,0.0,0.0,0,7,0,14,5,94
1924,B,1,both,ok,1.0,1.0,0,4,1,5,6,72
1936,B,1,both,ok,0.0,0.75,0,3,1,8,5,75
1937,B,1,both,ok,0.0,0.0,0,0,0,0,0,98
1938,B,1,both,ok,0.0,0.5,0,2,0,5,2,93
1939,B,1,both,ok,0.0,0.6,3,12,1,12,15,85
1940,B,1,both,ok,0.0,0.6,0,0,0,5,0,100
1943,B,1,both,ok,0.0,0.5,0,0,0,6,2,53
1944,B,1,both,ok,0.0,0.25,0,4,2,6,6,66
1946,B,1,both,ok,1.0,1.0,0,5,0,9,13,77
1955,B,1,both,ok,0.0,0.0,0,7,2,7,8,93
1957,B,1,both,ok,0.0,0.4,0,3,1,9,6,83
1961,B,1,both,ok,0.0,0.0,0,2,0,4,4,69
1973,B,1,both,ok,0.0,0.4,0,7,1,7,3,93
1977,B,1,both,ok,0.0,0.42857142857142855,2,5,1,5,5,80
1979,B,1,both,ok,0.0,0.5,0,2,0,8,1,97
1980,B,1,both,ok,0.0,0.6666666666666666,0,4,0,9,7,80
1986,B,1,both,ok,0.0,0.7142857142857143,0,5,0,10,8,82
1994,B,1,both,ok,0.0,0.6666666666666666,0,2,0,2,4,76
1996,B,1,both,ok,1.0,1.0,0,9,0,13,11,84
1998,B,1,both,ok,1.0,1.0,0,7,0,9,11,69
444,A,1,a0,ok,0.0,0.0,0,6,0,6,5,88
450,A,1,a0,ok,0.0,0.15384615384615385,0,2,0,5,4,72
451,A,1,a0,ok,0.0,0.0,0,2,0,6,3,53
456,A,1,a0,ok,0.0,0.6,0,5,1,10,9,56
1621,A,1,a0,ok,0.0,0.4,0,7,0,5,6,67
1622,A,1,a0,ok,1.0,1.0,0,0,0,5,0,67
1646,A,1,a0,ok,1.0,1.0,1,6,0,15,4,82
1655,A,1,a0,ok,0.0,0.8,0,4,0,1,1,73
1656,A,1,a0,ok,0.0,0.6,4,7,0,13,9,65
1663,A,1,a0,ok,0.0,0.0,0,9,0,0,9,99
1674,A,1,a0,ok,0.0,0.5,0,4,0,8,6,68
1683,A,1,a0,ok,0.0,0.0,2,3,0,3,9,67
1687,A,1,a0,ok,0.0,0.2,0,5,0,5,6,86
1697,A,1,a0,ok,0.0,0.4,0,10,0,4,12,93
1701,A,1,a0,ok,1.0,1.0,0,1,0,2,3,53
1704,A,1,a0,ok,0.0,0.25,0,1,0,7,7,73
1716,A,1,a0,ok,0.0,0.75,0,3,0,10,7,59
1718,A,1,a0,ok,0.0,0.75,0,11,0,7,11,80
1719,A,1,a0,ok,0.0,0.75,0,1,0,0,1,65
1723,A,1,a0,ok,1.0,1.0,0,5,0,5,5,61
1731,A,1,a0,ok,0.0,0.6666666666666666,0,0,0,5,3,48
1733,A,1,a0,ok,0.0,0.3333333333333333,0,3,0,6,4,62
1734,A,1,a0,ok,1.0,1.0,0,1,0,2,3,51
1744,A,1,a0,ok,0.0,0.8,0,9,0,6,4,75
1750,A,1,a0,ok,1.0,1.0,0,2,0,12,5,80
1751,A,1,a0,ok,0.0,0.75,0,4,1,12,11,72
1756,A,1,a0,ok,0.0,0.0,0,1,1,3,5,78
1760,A,1,a0,ok,0.0,0.625,0,10,1,8,3,61
1761,A,1,a0,ok,0.0,0.5,0,7,0,4,9,82
1762,A,1,a0,ok,1.0,1.0,0,4,0,5,4,72
1773,A,1,a0,ok,0.0,0.8,0,2,0,3,1,77
1777,A,1,a0,ok,0.0,0.2857142857142857,0,9,0,17,13,82
1778,A,1,a0,ok,0.0,0.42857142857142855,0,4,0,0,4,82
1779,A,1,a0,ok,0.0,0.14285714285714285,0,3,0,4,5,85
1803,A,1,a0,ok,0.0,0.3333333333333333,1,13,0,12,15,80
1804,A,1,a0,ok,0.0,0.5,0,0,0,5,2,48
1806,A,1,a0,ok,0.0,0.75,0,2,0,4,2,53
1807,A,1,a0,ok,0.0,0.6666666666666666,0,2,0,4,7,61
1808,A,1,a0,noneaction,0.0,0.0,,,,,,
1809,A,1,a0,ok,0.0,0.0,0,7,0,9,13,91
1811,A,1,a0,ok,0.0,0.3333333333333333,0,3,0,10,4,72
1831,A,1,a0,ok,0.0,0.25,2,5,0,3,7,88
1835,A,1,a0,ok,0.0,0.75,0,3,0,8,7,95
1838,A,1,a0,ok,0.0,0.75,0,6,0,4,6,71
1839,A,1,a0,ok,0.0,0.25,0,2,0,7,4,82
1840,A,1,a0,ok,0.0,0.0,2,19,0,2,15,81
1841,A,1,a0,ok,0.0,0.6,0,4,0,4,3,99
1842,A,1,a0,ok,0.0,0.75,0,0,0,5,3,81
1843,A,1,a0,ok,0.0,0.5,5,13,0,13,11,89
1844,A,1,a0,ok,0.0,0.0,0,6,0,7,6,102
1849,A,1,a0,ok,1.0,1.0,0,3,0,7,4,51
1850,A,1,a0,ok,0.0,0.3333333333333333,0,3,2,7,8,78
1854,A,1,a0,ok,0.0,0.14285714285714285,0,5,2,7,3,102
1857,A,1,a0,ok,0.0,0.2727272727272727,0,8,0,9,12,79
1859,A,1,a0,ok,0.0,0.2727272727272727,0,9,0,6,10,91
1875,A,1,a0,ok,0.0,0.3333333333333333,0,8,0,8,4,69
1876,A,1,a0,ok,0.0,0.375,0,4,0,9,11,87
1907,A,1,a0,ok,0.0,0.3333333333333333,0,1,0,0,0,86
1932,A,1,a0,ok,0.0,0.4,0,5,1,9,4,63
1933,A,1,a0,ok,0.0,0.5,2,7,0,9,13,78
1934,A,1,a0,ok,0.0,0.25,0,11,0,10,5,102
1935,A,1,a0,ok,0.0,0.0,0,5,0,4,3,89
1945,A,1,a0,ok,1.0,1.0,0,6,1,4,6,71
1947,A,1,a0,ok,0.0,0.6666666666666666,0,2,2,18,3,73
1948,A,1,a0,ok,0.0,0.6666666666666666,0,4,0,11,12,91
1954,A,1,a0,ok,0.0,0.0,1,14,0,8,10,92
1956,A,1,a0,ok,1.0,1.0,0,3,0,10,9,82
1958,A,1,a0,ok,0.0,0.6666666666666666,0,6,0,10,11,76
1960,A,1,a0,ok,0.0,0.0,0,2,0,5,6,80
1962,A,1,a0,ok,0.0,0.5,1,11,1,14,14,94
1963,A,1,a0,ok,0.0,0.25,0,5,0,8,7,89
1964,A,1,a0,ok,0.0,0.0,0,7,0,6,6,76
1965,A,1,a0,ok,0.0,0.75,0,9,0,8,11,102
1971,A,1,a0,ok,0.0,0.6666666666666666,0,6,0,9,3,73
1974,A,1,a0,ok,1.0,1.0,0,0,0,6,4,51
1975,A,1,a0,ok,0.0,0.25,0,3,0,4,2,96
1978,A,1,a0,ok,0.0,0.75,0,3,0,5,5,53
1981,A,1,a0,ok,0.0,0.0,0,6,1,5,8,84
1982,A,1,a0,ok,1.0,1.0,4,6,0,9,7,45
1983,A,1,a0,ok,1.0,1.0,0,2,0,11,2,71
1984,A,1,a0,ok,0.0,0.6666666666666666,0,5,0,8,8,63
1987,A,1,a0,ok,0.0,0.07692307692307693,0,1,1,11,4,88
1988,A,1,a0,ok,0.0,0.06666666666666667,0,3,0,2,4,61
1989,A,1,a0,ok,0.0,0.058823529411764705,0,9,3,12,7,59
1990,A,1,a0,ok,0.0,0.6,4,15,1,12,14,95
1991,A,1,a0,ok,0.0,0.6,0,11,0,8,9,78
1993,A,1,a0,ok,0.0,0.0,0,0,0,2,5,75
1995,A,1,a0,ok,0.0,0.6,0,9,1,8,3,86
1997,A,1,a0,ok,0.0,0.3333333333333333,0,2,0,1,1,53
1999,A,1,a0,ok,0.0,0.25,0,1,0,0,1,83
433,B,1,a0,ok,1.0,1.0,0,0,0,2,3,74
436,B,1,a0,ok,0.0,0.3333333333333333,0,2,0,1,4,59
438,B,1,a0,ok,0.0,0.4,0,0,0,2,2,81
439,B,1,a0,ok,0.0,0.75,2,3,1,7,6,52
442,B,1,a0,ok,0.0,0.5,0,2,0,7,4,64
443,B,1,a0,ok,0.0,0.0,0,6,2,3,5,75
445,B,1,a0,ok,1.0,1.0,0,1,0,2,2,64
446,B,1,a0,ok,0.0,0.75,0,4,0,3,3,49
447,B,1,a0,ok,0.0,0.5,2,2,0,1,4,60
448,B,1,a0,ok,0.0,0.3333333333333333,0,1,0,3,4,41
449,B,1,a0,ok,0.0,0.6666666666666666,0,1,0,7,5,93
452,B,1,a0,ok,0.0,0.5,0,1,0,2,2,31
454,B,1,a0,ok,0.0,0.0,0,1,0,2,7,75
455,B,1,a0,ok,0.0,0.25,0,6,0,4,5,74
458,B,1,a0,ok,0.0,0.3333333333333333,0,8,0,8,9,69
1623,B,1,a0,ok,0.0,0.5,0,10,1,2,8,59
1637,B,1,a0,ok,0.0,0.6666666666666666,0,2,0,4,8,65
1662,B,1,a0,ok,0.0,0.6,0,6,0,7,11,102
1664,B,1,a0,ok,0.0,0.2,0,7,6,20,20,91
1673,B,1,a0,ok,0.0,0.75,6,9,0,12,12,91
1682,B,1,a0,ok,0.0,0.6666666666666666,0,10,0,8,11,71
1684,B,1,a0,ok,0.0,0.3333333333333333,0,6,1,12,10,79
1685,B,1,a0,ok,0.0,0.3333333333333333,0,5,1,9,2,82
1688,B,1,a0,ok,0.0,0.6666666666666666,0,12,1,12,15,96
1689,B,1,a0,ok,0.0,0.3333333333333333,0,6,0,13,11,98
1698,B,1,a0,ok,0.0,0.0,0,11,0,19,1,73
1699,B,1,a0,ok,0.0,0.5,0,7,0,5,7,70
1703,B,1,a0,ok,1.0,1.0,0,7,0,11,11,77
1720,B,1,a0,ok,0.0,0.0,0,9,0,10,8,71
1724,B,1,a0,ok,0.0,0.3333333333333333,0,7,0,2,5,84
1732,B,1,a0,ok,0.0,0.0,0,1,0,2,2,61
1735,B,1,a0,ok,0.0,0.75,4,9,0,8,17,82
1736,B,1,a0,ok,0.0,0.75,1,20,0,6,21,76
1737,B,1,a0,ok,0.0,0.5,3,6,0,12,5,102
1745,B,1,a0,ok,0.0,0.6666666666666666,0,8,0,8,9,80
1746,B,1,a0,ok,0.0,0.75,0,3,0,0,1,55
1747,B,1,a0,ok,0.0,0.6666666666666666,0,7,0,5,11,78
1748,B,1,a0,ok,0.0,0.5,2,8,2,20,12,84
1749,B,1,a0,ok,1.0,1.0,0,2,0,3,3,49
1752,B,1,a0,ok,1.0,1.0,2,4,0,9,5,50
1753,B,1,a0,ok,1.0,1.0,0,4,0,4,1,101
1757,B,1,a0,ok,0.0,0.375,2,4,1,7,4,88
1758,B,1,a0,ok,0.0,0.8571428571428571,6,11,0,7,8,88
1759,B,1,a0,ok,0.0,0.5,0,4,0,12,8,83
1764,B,1,a0,ok,0.0,0.2,4,2,0,1,4,71
1774,B,1,a0,ok,0.0,0.2,0,6,0,5,7,94
1776,B,1,a0,ok,0.0,0.2857142857142857,0,5,1,3,5,75
1780,B,1,a0,ok,0.0,0.42857142857142855,0,2,1,8,7,91
1790,B,1,a0,ok,0.0,0.75,0,2,0,2,3,49
1791,B,1,a0,ok,0.0,0.75,0,5,0,6,7,92
1792,B,1,a0,ok,0.0,0.75,0,0,0,0,2,57
1797,B,1,a0,ok,1.0,1.0,0,6,1,10,5,56
1798,B,1,a0,ok,1.0,1.0,0,2,0,8,6,79
1799,B,1,a0,ok,0.0,0.25,2,8,0,4,4,67
1800,B,1,a0,ok,0.0,0.3333333333333333,0,1,0,12,9,65
1805,B,1,a0,ok,1.0,1.0,1,11,1,9,9,94
1810,B,1,a0,ok,0.0,0.6666666666666666,2,3,0,3,1,48
1812,B,1,a0,ok,0.0,0.6666666666666666,0,3,0,3,4,48
1833,B,1,a0,ok,0.0,0.3333333333333333,0,0,0,2,1,84
1834,B,1,a0,ok,0.0,0.6666666666666666,0,11,0,6,10,80
1836,B,1,a0,ok,0.0,0.75,0,8,3,13,17,82
1837,B,1,a0,ok,0.0,0.5714285714285714,0,11,0,9,6,93
1845,B,1,a0,ok,0.0,0.5,0,8,0,11,10,71
1847,B,1,a0,ok,0.0,0.6666666666666666,0,12,0,12,4,88
1848,B,1,a0,ok,0.0,0.6666666666666666,2,11,0,1,2,76
1851,B,1,a0,ok,0.0,0.6666666666666666,0,5,0,6,3,67
1852,B,1,a0,ok,0.0,0.6666666666666666,6,4,0,6,3,60
1853,B,1,a0,ok,0.0,0.1,0,15,0,7,17,86
1855,B,1,a0,ok,0.0,0.3333333333333333,0,0,0,2,2,75
1856,B,1,a0,ok,0.0,0.2727272727272727,0,2,0,5,3,70
1858,B,1,a0,ok,0.0,0.23076923076923078,0,3,0,4,4,70
1863,B,1,a0,ok,0.0,0.75,0,5,0,3,7,63
1873,B,1,a0,ok,0.0,0.3333333333333333,0,6,0,1,1,67
1874,B,1,a0,ok,0.0,0.25,0,9,0,17,15,82
1890,B,1,a0,ok,0.0,0.3333333333333333,0,3,0,6,6,77
1891,B,1,a0,ok,0.0,0.6666666666666666,0,1,0,2,2,95
1904,B,1,a0,ok,0.0,0.8,0,5,0,2,4,45
1905,B,1,a0,ok,1.0,1.0,1,6,0,10,7,85
1906,B,1,a0,ok,0.0,0.0,1,9,1,11,10,88
1908,B,1,a0,ok,0.0,0.3333333333333333,0,8,0,9,11,82
1909,B,1,a0,ok,0.0,0.5,0,2,0,2,7,91
1910,B,1,a0,ok,0.0,0.6666666666666666,0,3,0,6,6,58
1911,B,1,a0,ok,0.0,0.0,0,0,0,0,0,65
1912,B,1,a0,ok,0.0,0.25,0,9,0,4,11,72
1913,B,1,a0,ok,0.0,0.5,2,5,1,9,8,67
1921,B,1,a0,ok,1.0,1.0,0,1,0,4,4,65
1923,B,1,a0,ok,0.0,0.6666666666666666,0,2,1,5,4,88
1924,B,1,a0,ok,0.0,0.6666666666666666,0,3,1,4,5,85
1936,B,1,a0,ok,0.0,0.5,0,3,0,5,6,69
1937,B,1,a0,ok,0.0,0.5,0,1,0,1,2,77
1938,B,1,a0,ok,0.0,0.3333333333333333,0,5,0,0,5,84
1939,B,1,a0,ok,0.0,0.6,0,8,0,12,9,83
1940,B,1,a0,ok,0.0,0.6,0,3,1,8,5,81
1943,B,1,a0,ok,1.0,1.0,0,4,0,4,4,71
1944,B,1,a0,ok,0.0,0.75,0,12,2,17,16,81
1946,B,1,a0,ok,1.0,1.0,0,3,0,6,7,72
1955,B,1,a0,ok,0.0,0.0,0,5,2,5,4,92
1957,B,1,a0,ok,0.0,0.0,0,7,0,6,9,74
1961,B,1,a0,ok,0.0,0.5,0,7,0,15,9,81
1973,B,1,a0,ok,0.0,0.2,2,10,1,7,9,68
1977,B,1,a0,ok,0.0,0.5714285714285714,0,1,0,13,1,92
1979,B,1,a0,ok,0.0,0.75,0,3,0,6,2,90
1980,B,1,a0,ok,0.0,0.6666666666666666,0,7,0,7,2,76
1986,B,1,a0,ok,0.0,0.42857142857142855,2,10,4,12,10,75
1994,B,1,a0,ok,1.0,1.0,0,0,0,0,0,47
1996,B,1,a0,ok,0.0,0.3333333333333333,0,1,0,1,1,84
1998,B,1,a0,ok,0.0,0.0,0,2,0,4,4,88
444,A,1,a1,ok,0.0,0.0,0,15,0,4,15,70
450,A,1,a1,ok,0.0,0.0,0,8,0,6,8,75
451,A,1,a1,ok,0.0,0.0,0,3,1,4,7,46
456,A,1,a1,ok,0.0,0.6,0,4,0,3,6,80
1621,A,1,a1,ok,0.0,0.4,0,5,0,5,3,73
1622,A,1,a1,ok,1.0,1.0,0,3,1,9,5,74
1646,A,1,a1,ok,0.0,0.8333333333333334,0,6,0,2,7,55
1655,A,1,a1,ok,0.0,0.8,0,1,1,3,6,52
1656,A,1,a1,ok,0.0,0.6,0,1,1,2,1,33
1663,A,1,a1,ok,0.0,0.0,0,7,0,0,7,98
1674,A,1,a1,ok,1.0,1.0,0,1,0,16,1,77
1683,A,1,a1,ok,0.0,0.0,0,3,0,5,10,76
1687,A,1,a1,ok,0.0,0.4,0,9,0,18,18,87
1697,A,1,a1,ok,0.0,0.0,0,0,0,0,0,38
1701,A,1,a1,ok,1.0,1.0,0,5,2,10,8,61
1704,A,1,a1,ok,0.0,0.5,0,4,0,10,6,63
1716,A,1,a1,ok,0.0,0.75,0,2,0,4,6,53
1718,A,1,a1,ok,0.0,0.75,0,2,0,0,2,84
1719,A,1,a1,ok,0.0,0.0,0,5,2,14,7,70
1723,A,1,a1,ok,0.0,0.0,0,0,0,0,1,96
1731,A,1,a1,ok,0.0,0.3333333333333333,0,3,0,6,1,34
1733,A,1,a1,ok,1.0,1.0,0,1,0,4,2,59
1734,A,1,a1,ok,0.0,0.3333333333333333,0,15,1,3,3,68
1744,A,1,a1,ok,0.0,0.4,2,6,0,13,9,89
1750,A,1,a1,ok,1.0,1.0,0,1,0,4,5,41
1751,A,1,a1,ok,0.0,0.75,0,5,0,9,9,71
1756,A,1,a1,ok,1.0,1.0,0,1,0,1,2,46
1760,A,1,a1,ok,0.0,0.5,0,4,0,6,2,60
1761,A,1,a1,ok,0.0,0.3333333333333333,0,0,0,1,0,79
1762,A,1,a1,ok,0.0,0.25,0,4,0,10,6,54
1773,A,1,a1,ok,0.0,0.8,0,2,0,9,6,84
1777,A,1,a1,ok,0.0,0.7142857142857143,0,5,2,12,8,73
1778,A,1,a1,ok,0.0,0.42857142857142855,0,4,0,6,8,94
1779,A,1,a1,ok,0.0,0.14285714285714285,0,5,0,8,10,87
1803,A,1,a1,ok,0.0,0.6666666666666666,0,5,1,22,8,97
1804,A,1,a1,ok,0.0,0.75,0,2,1,2,2,50
1806,A,1,a1,ok,1.0,1.0,0,2,2,3,4,35
1807,A,1,a1,ok,0.0,0.3333333333333333,0,10,0,13,9,97
1808,A,1,a1,ok,0.0,0.75,0,0,0,6,2,62
1809,A,1,a1,ok,0.0,0.75,0,4,0,7,7,68
1811,A,1,a1,ok,1.0,1.0,0,6,3,11,9,72
1831,A,1,a1,ok,0.0,0.125,0,6,4,15,11,87
1835,A,1,a1,ok,0.0,0.25,0,3,0,6,5,58
1838,A,1,a1,ok,0.0,0.75,0,4,0,6,8,78
1839,A,1,a1,ok,0.0,0.75,0,7,0,7,6,88
1840,A,1,a1,ok,1.0,1.0,0,5,0,10,5,96
1841,A,1,a1,ok,0.0,0.6,0,0,0,0,0,37
1842,A,1,a1,ok,0.0,0.75,0,4,0,6,4,54
1843,A,1,a1,ok,0.0,0.25,0,2,0,4,4,45
1844,A,1,a1,ok,0.0,0.4,0,3,0,5,4,94
1849,A,1,a1,ok,1.0,1.0,0,2,0,9,8,70
1850,A,1,a1,ok,0.0,0.0,0,0,0,11,0,95
1854,A,1,a1,ok,0.0,0.0,0,5,0,12,8,96
1857,A,1,a1,ok,0.0,0.2727272727272727,0,8,1,5,9,93
1859,A,1,a1,ok,0.0,0.2727272727272727,0,1,0,2,3,74
1875,A,1,a1,ok,0.0,0.6666666666666666,1,3,1,6,3,51
1876,A,1,a1,ok,0.0,0.375,0,9,0,6,16,78
1907,A,1,a1,ok,0.0,0.16666666666666666,2,4,1,12,16,92
1932,A,1,a1,ok,0.0,0.2,0,6,0,4,5,98
1933,A,1,a1,ok,1.0,1.0,0,4,0,8,8,74
1934,A,1,a1,ok,0.0,0.25,0,5,1,5,5,55
1935,A,1,a1,ok,0.0,0.6,0,2,0,4,4,62
1945,A,1,a1,ok,1.0,1.0,0,5,0,5,8,56
1947,A,1,a1,ok,0.0,0.6666666666666666,0,3,0,7,5,57
1948,A,1,a1,ok,1.0,1.0,0,0,0,3,1,70
1954,A,1,a1,ok,0.0,0.25,0,4,3,4,3,57
1956,A,1,a1,ok,0.0,0.75,0,7,2,13,13,81
1958,A,1,a1,ok,0.0,0.6666666666666666,0,19,0,0,24,71
1960,A,1,a1,ok,0.0,0.125,0,6,0,9,10,80
1962,A,1,a1,ok,0.0,0.25,0,6,0,8,8,86
1963,A,1,a1,ok,0.0,0.5,0,4,0,3,4,87
1964,A,1,a1,ok,0.0,0.75,0,2,0,3,5,79
1965,A,1,a1,ok,0.0,0.75,0,2,1,4,2,73
1971,A,1,a1,ok,0.0,0.6666666666666666,0,9,0,4,8,84
1974,A,1,a1,ok,0.0,0.3333333333333333,0,1,0,3,1,36
1975,A,1,a1,ok,0.0,0.0,0,6,0,8,8,76
1978,A,1,a1,ok,0.0,0.5,0,3,2,6,6,82
1981,A,1,a1,ok,0.0,0.8333333333333334,0,5,1,7,5,64
1982,A,1,a1,ok,0.0,0.5,0,3,1,5,4,98
1983,A,1,a1,ok,0.0,0.0,0,15,0,10,14,87
1984,A,1,a1,ok,1.0,1.0,0,5,1,7,11,72
1987,A,1,a1,ok,0.0,0.23076923076923078,0,5,0,9,11,72
1988,A,1,a1,ok,0.0,0.06666666666666667,0,1,1,2,1,63
1989,A,1,a1,ok,0.0,0.058823529411764705,0,5,1,10,7,71
1990,A,1,a1,ok,1.0,1.0,1,6,0,13,7,75
1991,A,1,a1,ok,0.0,0.4,0,5,1,7,13,74
1993,A,1,a1,ok,0.0,0.0,0,2,0,0,2,80
1995,A,1,a1,ok,0.0,0.2,0,2,1,1,5,81
1997,A,1,a1,ok,1.0,1.0,0,2,0,5,3,51
1999,A,1,a1,ok,0.0,0.25,0,6,1,8,12,81
433,B,1,a1,ok,0.0,0.3333333333333333,0,0,0,2,1,61
436,B,1,a1,ok,0.0,0.5,0,1,0,5,2,68
438,B,1,a1,ok,0.0,0.4,0,6,0,10,8,56
439,B,1,a1,ok,0.0,0.0,0,1,0,8,4,79
442,B,1,a1,ok,0.0,0.5,0,1,0,4,2,43
443,B,1,a1,ok,0.0,0.75,0,0,0,5,3,60
445,B,1,a1,ok,1.0,1.0,0,1,0,5,2,76
446,B,1,a1,ok,0.0,0.75,0,6,2,9,10,66
447,B,1,a1,ok,0.0,0.3333333333333333,0,2,0,8,5,78
448,B,1,a1,ok,0.0,0.6666666666666666,0,1,0,4,3,79
449,B,1,a1,ok,0.0,0.3333333333333333,0,2,0,2,1,74
452,B,1,a1,ok,0.0,0.5,0,1,2,3,1,72
454,B,1,a1,ok,0.0,0.16666666666666666,0,9,0,7,16,74
455,B,1,a1,ok,0.0,0.5,0,1,0,4,3,63
458,B,1,a1,ok,0.0,0.5555555555555556,2,2,0,12,7,91
1623,B,1,a1,ok,0.0,0.25,0,8,0,14,8,95
1637,B,1,a1,ok,0.0,0.8333333333333334,0,5,0,12,0,68
1662,B,1,a1,ok,0.0,0.6,0,7,0,17,9,97
1664,B,1,a1,ok,0.0,0.2,0,2,0,6,16,73
1673,B,1,a1,ok,0.0,0.25,0,5,0,9,11,68
1682,B,1,a1,ok,0.0,0.16666666666666666,0,6,0,12,12,80
1684,B,1,a1,ok,1.0,1.0,0,3,0,8,10,59
1685,B,1,a1,ok,0.0,0.0,0,6,0,14,9,62
1688,B,1,a1,ok,0.0,0.6666666666666666,0,4,0,7,6,85
1689,B,1,a1,ok,0.0,0.0,0,0,0,0,0,38
1698,B,1,a1,ok,0.0,0.3333333333333333,0,5,0,2,4,49
1699,B,1,a1,ok,0.0,0.5,2,6,0,9,10,65
1703,B,1,a1,ok,1.0,1.0,0,4,0,6,3,85
1720,B,1,a1,ok,0.0,0.5,0,8,0,9,15,70
1724,B,1,a1,ok,0.0,0.3333333333333333,0,4,0,10,6,49
1732,B,1,a1,ok,1.0,1.0,0,1,0,3,3,39
1735,B,1,a1,ok,0.0,0.75,0,2,0,7,14,72
1736,B,1,a1,ok,1.0,1.0,0,3,0,9,5,43
1737,B,1,a1,ok,0.0,0.75,0,7,2,17,7,74
1745,B,1,a1,ok,1.0,1.0,0,0,0,3,1,27
1746,B,1,a1,ok,0.0,0.75,0,3,0,6,2,48
1747,B,1,a1,ok,0.0,0.6666666666666666,0,4,0,4,4,72
1748,B,1,a1,ok,0.0,0.75,0,9,1,15,15,82
1749,B,1,a1,ok,0.0,0.8,0,3,0,4,3,88
1752,B,1,a1,ok,1.0,1.0,0,5,0,5,6,66
1753,B,1,a1,ok,0.0,0.5,0,2,0,4,2,91
1757,B,1,a1,ok,0.0,0.625,0,1,1,5,1,41
1758,B,1,a1,ok,0.0,0.8571428571428571,0,6,0,2,8,77
1759,B,1,a1,ok,0.0,0.16666666666666666,0,4,0,4,4,63
1764,B,1,a1,ok,0.0,0.6,0,5,2,5,4,51
1774,B,1,a1,ok,0.0,0.4,0,19,0,6,18,86
1776,B,1,a1,ok,0.0,0.42857142857142855,0,8,0,0,9,84
1780,B,1,a1,ok,1.0,1.0,0,5,0,5,2,74
1790,B,1,a1,ok,1.0,1.0,0,0,0,0,3,38
1791,B,1,a1,ok,0.0,0.75,1,1,0,3,6,78
1792,B,1,a1,ok,0.0,0.75,0,2,0,5,2,86
1797,B,1,a1,ok,0.0,0.5,0,1,0,4,5,55
1798,B,1,a1,ok,0.0,0.5,0,4,0,0,6,102
1799,B,1,a1,ok,0.0,0.5,0,32,0,4,31,98
1800,B,1,a1,ok,0.0,0.3333333333333333,0,1,0,5,3,77
1805,B,1,a1,ok,0.0,0.6666666666666666,0,2,0,6,2,50
1810,B,1,a1,ok,0.0,0.3333333333333333,0,2,0,6,3,51
1812,B,1,a1,ok,0.0,0.6666666666666666,0,1,1,2,0,50
1833,B,1,a1,ok,0.0,0.3333333333333333,0,2,1,21,5,80
1834,B,1,a1,ok,0.0,0.8333333333333334,0,4,2,6,8,95
1836,B,1,a1,ok,0.0,0.75,0,10,0,10,14,81
1837,B,1,a1,ok,0.0,0.7142857142857143,0,8,0,6,17,87
1845,B,1,a1,ok,0.0,0.0,0,3,0,7,10,86
1847,B,1,a1,ok,0.0,0.6666666666666666,0,2,0,2,1,76
1848,B,1,a1,ok,0.0,0.6666666666666666,0,0,0,0,2,36
1851,B,1,a1,ok,0.0,0.0,0,3,0,3,3,75
1852,B,1,a1,ok,0.0,0.0,0,6,0,5,10,87
1853,B,1,a1,ok,0.0,0.2,0,7,0,5,5,77
1855,B,1,a1,ok,0.0,0.5,0,0,0,10,3,78
1856,B,1,a1,ok,0.0,0.36363636363636365,0,14,0,4,16,72
1858,B,1,a1,ok,0.0,0.0,0,12,0,4,11,80
1863,B,1,a1,ok,0.0,0.5,0,2,0,6,7,85
1873,B,1,a1,ok,1.0,1.0,0,2,0,2,3,66
1874,B,1,a1,ok,0.0,0.25,0,20,0,8,25,94
1890,B,1,a1,ok,0.0,0.16666666666666666,0,0,0,0,0,52
1891,B,1,a1,ok,0.0,0.6666666666666666,0,5,0,3,7,66
1904,B,1,a1,ok,1.0,1.0,0,1,0,5,1,38
1905,B,1,a1,ok,1.0,1.0,0,6,0,8,9,72
1906,B,1,a1,ok,0.0,0.16666666666666666,0,11,0,18,11,91
1908,B,1,a1,ok,0.0,0.3333333333333333,0,6,0,5,9,94
1909,B,1,a1,ok,0.0,0.0,0,1,0,4,4,93
1910,B,1,a1,ok,0.0,0.5,6,8,0,12,8,71
1911,B,1,a1,ok,0.0,0.0,0,0,0,0,0,32
1912,B,1,a1,ok,1.0,1.0,0,0,0,0,6,74
1913,B,1,a1,ok,0.0,0.5,0,2,0,5,2,69
1921,B,1,a1,ok,0.0,0.0,2,10,0,14,13,90
1923,B,1,a1,ok,0.0,0.6666666666666666,0,0,0,0,0,92
1924,B,1,a1,ok,1.0,1.0,0,7,1,6,5,75
1936,B,1,a1,ok,1.0,1.0,0,1,1,6,4,67
1937,B,1,a1,ok,0.0,0.0,0,2,0,6,5,85
1938,B,1,a1,ok,0.0,0.3333333333333333,0,7,0,4,11,64
1939,B,1,a1,ok,0.0,0.8,0,9,2,17,13,74
1940,B,1,a1,ok,0.0,0.4,0,3,0,10,2,97
1943,B,1,a1,ok,1.0,1.0,0,3,0,6,5,65
1944,B,1,a1,ok,0.0,0.0,0,2,0,5,2,68
1946,B,1,a1,ok,1.0,1.0,0,0,0,5,0,51
1955,B,1,a1,ok,1.0,1.0,0,1,0,2,1,50
1957,B,1,a1,ok,0.0,0.0,0,3,0,5,4,100
1961,B,1,a1,ok,0.0,0.25,0,4,0,5,5,53
1973,B,1,a1,ok,0.0,0.8,0,1,0,15,6,93
1977,B,1,a1,ok,0.0,0.5714285714285714,0,3,1,5,3,65
1979,B,1,a1,ok,0.0,0.75,0,3,1,3,2,94
1980,B,1,a1,ok,1.0,1.0,0,2,1,4,4,55
1986,B,1,a1,ok,0.0,0.42857142857142855,0,1,0,2,4,80
1994,B,1,a1,ok,0.0,0.3333333333333333,0,5,0,7,7,72
1996,B,1,a1,ok,1.0,1.0,0,2,1,6,4,46
1998,B,1,a1,ok,1.0,1.0,0,6,0,7,7,74
444,A,2,both,ok,0.0,0.3333333333333333,0,0,0,2,4,38
450,A,2,both,ok,0.0,0.0,0,5,0,4,6,97
451,A,2,both,ok,0.0,0.0,0,2,0,14,3,55
456,A,2,both,ok,0.0,0.2,0,12,1,7,15,79
1621,A,2,both,ok,0.0,0.5,0,8,1,7,5,76
1622,A,2,both,ok,0.0,0.5,0,9,2,7,8,102
1646,A,2,both,ok,1.0,1.0,0,4,1,6,2,63
1655,A,2,both,ok,0.0,0.6,4,8,0,13,3,64
1656,A,2,both,ok,0.0,0.8,0,3,1,11,7,48
1663,A,2,both,ok,0.0,0.0,0,26,0,0,26,100
1674,A,2,both,ok,0.0,0.25,0,5,1,8,5,82
1683,A,2,both,ok,0.0,0.3333333333333333,0,3,0,11,4,86
1687,A,2,both,ok,1.0,1.0,0,9,1,17,10,77
1697,A,2,both,ok,0.0,0.4,0,0,0,4,2,94
1701,A,2,both,ok,0.0,0.6666666666666666,0,6,1,14,13,73
1704,A,2,both,ok,0.0,0.0,0,9,1,18,12,82
1716,A,2,both,ok,0.0,0.75,0,1,0,5,1,43
1718,A,2,both,ok,1.0,1.0,0,5,0,11,5,56
1719,A,2,both,ok,0.0,0.0,0,7,1,6,9,84
1723,A,2,both,ok,0.0,0.75,0,0,0,3,1,63
1731,A,2,both,ok,0.0,0.6666666666666666,0,3,0,3,2,60
1733,A,2,both,ok,0.0,0.6666666666666666,0,6,0,8,11,61
1734,A,2,both,ok,0.0,0.3333333333333333,0,3,0,8,5,79
1744,A,2,both,ok,1.0,1.0,8,11,1,10,15,82
1750,A,2,both,ok,1.0,1.0,0,8,1,9,7,60
1751,A,2,both,ok,1.0,1.0,0,4,1,16,13,78
1756,A,2,both,ok,0.0,0.75,2,16,1,15,14,79
1760,A,2,both,ok,0.0,0.0,0,3,0,3,4,44
1761,A,2,both,ok,0.0,0.6666666666666666,0,2,1,8,3,87
1762,A,2,both,ok,0.0,0.75,0,12,0,7,10,77
1773,A,2,both,ok,0.0,0.6,0,6,1,5,6,64
1777,A,2,both,ok,0.0,0.7142857142857143,0,2,0,7,3,91
1778,A,2,both,ok,0.0,0.5714285714285714,0,0,0,0,0,85
1779,A,2,both,ok,0.0,0.5714285714285714,0,9,1,9,9,73
1803,A,2,both,ok,1.0,1.0,0,3,0,14,8,84
1804,A,2,both,ok,0.0,0.75,0,6,3,12,8,73
1806,A,2,both,ok,1.0,1.0,0,8,2,8,8,63
1807,A,2,both,ok,0.0,0.0,0,7,0,27,13,91
1808,A,2,both,ok,1.0,1.0,0,4,0,8,4,63
1809,A,2,both,ok,1.0,1.0,0,6,1,6,6,89
1811,A,2,both,ok,1.0,1.0,0,7,2,10,6,70
1831,A,2,both,ok,0.0,0.0,0,10,0,1,2,100
1835,A,2,both,ok,1.0,1.0,0,2,1,7,2,80
1838,A,2,both,ok,1.0,1.0,1,7,1,8,10,63
1839,A,2,both,ok,1.0,1.0,0,10,0,10,11,86
1840,A,2,both,ok,0.0,0.3333333333333333,0,4,0,5,8,100
1841,A,2,both,ok,0.0,0.2,0,8,0,9,9,82
1842,A,2,both,ok,0.0,0.75,0,5,0,14,5,80
1843,A,2,both,ok,0.0,0.5,0,13,0,12,15,82
1844,A,2,both,ok,0.0,0.2,0,0,0,10,2,97
1849,A,2,both,ok,1.0,1.0,0,4,1,10,6,68
1850,A,2,both,ok,0.0,0.3333333333333333,0,5,4,14,8,88
1854,A,2,both,ok,0.0,0.2857142857142857,0,7,0,6,10,100
1857,A,2,both,ok,0.0,0.5454545454545454,2,8,0,17,13,91
1859,A,2,both,ok,0.0,0.5454545454545454,0,6,1,9,7,74
1875,A,2,both,ok,0.0,0.6666666666666666,0,6,0,21,8,69
1876,A,2,both,ok,0.0,0.375,0,8,0,3,9,90
1907,A,2,both,ok,0.0,0.8333333333333334,0,4,0,2,5,91
1932,A,2,both,ok,0.0,0.4,0,8,0,8,8,102
1933,A,2,both,ok,1.0,1.0,0,4,0,6,10,71
1934,A,2,both,ok,0.0,0.0,0,1,0,8,3,95
1935,A,2,both,ok,0.0,0.2,0,0,0,0,0,77
1945,A,2,both,ok,1.0,1.0,0,1,0,2,5,33
1947,A,2,both,ok,0.0,0.0,0,6,1,15,6,102
1948,A,2,both,ok,0.0,0.3333333333333333,0,4,0,10,9,96
1954,A,2,both,ok,0.0,0.0,2,13,6,18,12,96
1956,A,2,both,ok,1.0,1.0,0,4,0,5,3,58
1958,A,2,both,ok,0.0,0.3333333333333333,0,4,0,6,5,74
1960,A,2,both,ok,0.0,0.375,0,6,1,9,8,94
1962,A,2,both,ok,1.0,1.0,0,0,0,5,1,67
1963,A,2,both,ok,0.0,0.25,1,8,0,12,7,61
1964,A,2,both,ok,1.0,1.0,0,4,0,6,7,64
1965,A,2,both,ok,0.0,0.5,0,5,2,7,9,91
1971,A,2,both,ok,0.0,0.6666666666666666,0,4,1,8,3,78
1974,A,2,both,ok,0.0,0.0,0,0,0,0,0,25
1975,A,2,both,ok,0.0,0.5,0,4,1,11,3,98
1978,A,2,both,ok,1.0,1.0,0,5,1,7,2,55
1981,A,2,both,ok,0.0,0.3333333333333333,0,0,0,0,0,42
1982,A,2,both,ok,1.0,1.0,0,3,0,5,3,79
1983,A,2,both,ok,1.0,1.0,0,6,0,11,6,86
1984,A,2,both,ok,1.0,1.0,0,2,0,4,2,52
1987,A,2,both,ok,0.0,0.07692307692307693,0,2,1,2,2,42
1988,A,2,both,ok,0.0,0.3333333333333333,0,5,0,14,11,85
1989,A,2,both,ok,0.0,0.058823529411764705,0,0,0,0,1,40
1990,A,2,both,ok,0.0,0.8,0,1,0,4,1,66
1991,A,2,both,ok,0.0,0.8,0,7,0,8,9,80
1993,A,2,both,ok,0.0,0.75,0,0,0,4,2,75
1995,A,2,both,ok,0.0,0.2,1,6,1,6,8,82
1997,A,2,both,ok,1.0,1.0,0,2,0,10,6,67
1999,A,2,both,ok,0.0,0.5,0,2,0,2,2,90
433,B,2,both,ok,0.0,0.16666666666666666,0,9,0,5,8,94
436,B,2,both,ok,0.0,0.6666666666666666,0,2,0,7,4,72
438,B,2,both,noneaction,0.0,0.0,,,,,,
439,B,2,both,ok,0.0,0.25,0,2,0,3,4,61
442,B,2,both,ok,0.0,0.5,2,8,0,11,10,71
443,B,2,both,ok,0.0,0.25,0,4,1,7,4,59
445,B,2,both,ok,1.0,1.0,0,1,0,3,0,56
446,B,2,both,ok,0.0,0.0,0,0,0,0,0,102
447,B,2,both,ok,0.0,0.5,0,2,0,6,3,51
448,B,2,both,ok,0.0,0.6666666666666666,0,0,0,4,3,47
449,B,2,both,ok,0.0,0.5,0,2,0,8,3,67
452,B,2,both,ok,1.0,1.0,0,0,0,3,0,27
454,B,2,both,ok,0.0,0.3333333333333333,0,10,1,9,13,91
455,B,2,both,ok,0.0,0.5,0,0,0,0,2,41
458,B,2,both,ok,0.0,0.3333333333333333,2,5,0,11,8,89
1623,B,2,both,ok,0.0,0.5,0,3,0,4,9,76
1637,B,2,both,noneaction,0.0,0.0,,,,,,
1662,B,2,both,ok,0.0,0.4,0,7,0,10,10,86
1664,B,2,both,ok,0.0,0.2,0,2,0,2,18,75
1673,B,2,both,ok,0.0,0.0,0,0,0,0,0,33
1682,B,2,both,ok,0.0,0.5,0,5,0,9,8,54
1684,B,2,both,ok,1.0,1.0,0,4,4,11,4,63
1685,B,2,both,ok,0.0,0.3333333333333333,0,2,0,18,8,78
1688,B,2,both,ok,0.0,0.0,0,5,0,7,6,97
1689,B,2,both,ok,0.0,0.3333333333333333,0,3,0,9,7,81
1698,B,2,both,ok,0.0,0.3333333333333333,0,2,0,2,1,46
1699,B,2,both,ok,0.0,0.5,0,6,0,7,11,75
1703,B,2,both,ok,1.0,1.0,0,10,0,19,15,79
1720,B,2,both,ok,0.0,0.5,1,6,2,14,9,96
1724,B,2,both,ok,0.0,0.3333333333333333,0,5,2,10,6,58
1732,B,2,both,ok,1.0,1.0,0,1,0,5,1,60
1735,B,2,both,ok,0.0,0.75,0,12,0,8,15,81
1736,B,2,both,ok,1.0,1.0,0,2,2,9,3,84
1737,B,2,both,ok,0.0,0.75,0,6,1,12,9,79
1745,B,2,both,ok,0.0,0.6666666666666666,0,13,2,22,12,83
1746,B,2,both,ok,1.0,1.0,0,9,1,5,8,81
1747,B,2,both,ok,0.0,0.3333333333333333,0,12,0,9,6,75
1748,B,2,both,ok,0.0,0.5,0,8,2,13,9,82
1749,B,2,both,ok,0.0,0.8,0,3,0,7,2,86
1752,B,2,both,ok,0.0,0.75,0,1,0,4,2,44
1753,B,2,both,ok,0.0,0.8333333333333334,0,3,0,8,4,74
1757,B,2,both,ok,0.0,0.75,0,5,0,6,4,86
1758,B,2,both,ok,0.0,0.5714285714285714,0,8,0,12,10,78
1759,B,2,both,noneaction,0.0,0.0,,,,,,
1764,B,2,both,ok,0.0,0.6,0,1,1,28,3,91
1774,B,2,both,ok,0.0,0.2,0,4,0,9,8,82
1776,B,2,both,ok,0.0,0.8571428571428571,2,7,0,10,9,88
1780,B,2,both,ok,0.0,0.8571428571428571,0,1,0,6,1,95
1790,B,2,both,ok,0.0,0.75,0,3,0,11,4,60
1791,B,2,both,ok,0.0,0.75,0,7,0,14,10,82
1792,B,2,both,ok,0.0,0.75,2,11,1,10,6,72
1797,B,2,both,ok,0.0,0.75,0,5,0,3,7,79
1798,B,2,both,ok,0.0,0.5,0,14,0,4,15,94
1799,B,2,both,ok,0.0,0.5,0,7,0,19,9,87
1800,B,2,both,ok,1.0,1.0,0,8,2,5,5,60
1805,B,2,both,ok,0.0,0.6666666666666666,0,5,1,10,2,81
1810,B,2,both,noneaction,0.0,0.0,,,,,,
1812,B,2,both,ok,0.0,0.0,0,0,0,0,0,37
1833,B,2,both,ok,0.0,0.5,0,2,0,6,2,84
1834,B,2,both,ok,0.0,0.6666666666666666,0,10,0,17,15,86
1836,B,2,both,ok,0.0,0.25,0,1,0,0,1,44
1837,B,2,both,ok,1.0,1.0,2,7,0,3,12,91
1845,B,2,both,ok,0.0,0.5,0,6,0,14,8,79
1847,B,2,both,ok,1.0,1.0,0,1,0,1,4,48
1848,B,2,both,ok,1.0,1.0,0,8,0,7,11,78
1851,B,2,both,ok,0.0,0.6666666666666666,0,6,0,7,12,76
1852,B,2,both,ok,1.0,1.0,5,4,0,22,6,76
1853,B,2,both,ok,0.0,0.2,0,6,0,15,15,88
1855,B,2,both,ok,0.0,0.25,0,3,0,8,6,80
1856,B,2,both,ok,0.0,0.5454545454545454,0,12,1,10,12,80
1858,B,2,both,ok,0.0,0.3076923076923077,2,6,0,14,8,81
1863,B,2,both,ok,0.0,0.25,0,4,0,7,8,77
1873,B,2,both,ok,1.0,1.0,0,5,2,9,5,58
1874,B,2,both,ok,0.0,0.5,0,11,0,18,6,84
1890,B,2,both,ok,0.0,0.5,0,0,0,0,0,52
1891,B,2,both,ok,0.0,0.6666666666666666,0,1,0,3,1,64
1904,B,2,both,ok,0.0,0.6,0,3,1,8,6,73
1905,B,2,both,ok,0.0,0.2,0,6,1,20,8,67
1906,B,2,both,ok,0.0,0.5,0,2,0,8,2,95
1908,B,2,both,ok,0.0,0.5,6,5,1,17,4,77
1909,B,2,both,ok,0.0,0.5,0,3,2,13,5,95
1910,B,2,both,ok,0.0,0.5,0,3,0,10,4,80
1911,B,2,both,ok,0.0,0.25,0,0,0,9,3,72
1912,B,2,both,ok,1.0,1.0,0,6,0,16,15,87
1913,B,2,both,ok,0.0,0.25,0,7,1,11,5,68
1921,B,2,both,ok,0.0,0.3333333333333333,0,1,1,3,1,61
1923,B,2,both,ok,0.0,0.3333333333333333,0,3,1,4,2,68
1924,B,2,both,ok,0.0,0.6666666666666666,0,5,0,9,3,98
1936,B,2,both,ok,0.0,0.75,0,1,0,8,4,66
1937,B,2,both,ok,0.0,0.5,0,1,1,7,3,100
1938,B,2,both,ok,0.0,0.3333333333333333,0,6,1,13,6,83
1939,B,2,both,ok,1.0,1.0,0,9,3,19,9,70
1940,B,2,both,ok,0.0,0.6,0,4,1,5,2,102
1943,B,2,both,ok,0.0,0.25,0,3,0,10,6,77
1944,B,2,both,ok,0.0,0.25,0,7,0,12,13,85
1946,B,2,both,noneaction,0.0,0.0,,,,,,
1955,B,2,both,ok,0.0,0.0,0,3,0,2,2,70
1957,B,2,both,ok,0.0,0.2,0,2,0,9,5,76
1961,B,2,both,ok,0.0,0.25,0,6,1,10,8,76
1973,B,2,both,ok,0.0,0.8,0,5,0,7,2,101
1977,B,2,both,ok,0.0,0.14285714285714285,0,4,1,9,2,83
1979,B,2,both,ok,0.0,0.5,0,3,0,14,5,95
1980,B,2,both,ok,0.0,0.6666666666666666,0,4,1,4,3,71
1986,B,2,both,ok,0.0,0.0,0,6,0,5,6,81
1994,B,2,both,ok,1.0,1.0,0,4,0,7,5,75
1996,B,2,both,ok,0.0,0.3333333333333333,0,7,0,13,8,59
1998,B,2,both,ok,1.0,1.0,0,5,1,14,10,79
444,A,2,a0,ok,0.0,0.3333333333333333,0,0,0,3,1,67
450,A,2,a0,ok,0.0,0.0,0,8,3,10,5,92
451,A,2,a0,ok,0.0,0.0,0,3,0,9,11,66
456,A,2,a0,ok,0.0,0.8,0,0,0,3,1,57
1621,A,2,a0,ok,0.0,0.3,0,6,1,5,2,69
1622,A,2,a0,ok,0.0,0.0,0,3,1,8,3,75
1646,A,2,a0,ok,0.0,0.6666666666666666,0,0,0,5,1,72
1655,A,2,a0,ok,0.0,0.6,0,3,0,6,6,79
1656,A,2,a0,ok,0.0,0.8,0,8,2,17,9,82
1663,A,2,a0,ok,0.0,0.0,0,10,0,0,10,99
1674,A,2,a0,ok,1.0,1.0,0,5,0,7,12,69
1683,A,2,a0,ok,0.0,0.3333333333333333,0,8,1,5,11,70
1687,A,2,a0,ok,0.0,0.2,0,4,0,9,9,89
1697,A,2,a0,ok,0.0,0.6,0,1,0,0,0,102
1701,A,2,a0,ok,0.0,0.6666666666666666,0,0,0,4,4,75
1704,A,2,a0,ok,0.0,0.5,0,2,1,4,2,42
1716,A,2,a0,ok,0.0,0.75,0,4,0,4,5,42
1718,A,2,a0,ok,0.0,0.75,0,7,0,6,11,81
1719,A,2,a0,ok,0.0,0.0,0,11,0,17,11,102
1723,A,2,a0,ok,0.0,0.75,0,1,0,6,4,50
1731,A,2,a0,ok,0.0,0.0,0,2,0,3,6,68
1733,A,2,a0,ok,0.0,0.0,0,8,0,13,10,87
1734,A,2,a0,ok,0.0,0.3333333333333333,0,2,0,10,8,68
1744,A,2,a0,ok,0.0,0.4,0,10,0,7,9,80
1750,A,2,a0,ok,1.0,1.0,0,2,0,9,5,64
1751,A,2,a0,ok,0.0,0.75,0,7,1,15,14,68
1756,A,2,a0,ok,0.0,0.75,0,3,1,6,3,55
1760,A,2,a0,ok,0.0,0.375,0,3,0,3,1,59
1761,A,2,a0,ok,0.0,0.16666666666666666,0,5,0,4,8,92
1762,A,2,a0,ok,0.0,0.25,0,9,2,18,11,80
1773,A,2,a0,ok,0.0,0.2,0,11,0,6,9,91
1777,A,2,a0,ok,0.0,0.42857142857142855,0,5,0,6,6,87
1778,A,2,a0,ok,0.0,0.42857142857142855,0,8,0,4,10,80
1779,A,2,a0,ok,0.0,0.2857142857142857,0,9,0,2,11,79
1803,A,2,a0,ok,1.0,1.0,0,3,0,7,7,52
1804,A,2,a0,ok,0.0,0.75,0,1,0,3,4,89
1806,A,2,a0,ok,1.0,1.0,0,3,0,13,5,61
1807,A,2,a0,ok,0.0,0.0,0,7,0,8,13,98
1808,A,2,a0,ok,1.0,1.0,0,11,0,2,11,64
1809,A,2,a0,ok,0.0,0.0,0,0,0,0,0,39
1811,A,2,a0,ok,1.0,1.0,0,1,0,4,10,81
1831,A,2,a0,ok,0.0,0.25,0,6,0,13,12,87
1835,A,2,a0,ok,1.0,1.0,0,4,0,6,8,81
1838,A,2,a0,ok,0.0,0.75,0,1,0,7,2,73
1839,A,2,a0,ok,0.0,0.5,0,5,0,5,7,99
1840,A,2,a0,ok,0.0,0.16666666666666666,0,4,0,6,3,95
1841,A,2,a0,ok,0.0,0.6,0,12,2,11,8,102
1842,A,2,a0,ok,0.0,0.5,0,9,2,11,6,94
1843,A,2,a0,ok,0.0,0.75,0,10,1,2,2,77
1844,A,2,a0,ok,1.0,1.0,0,3,1,5,3,92
1849,A,2,a0,ok,1.0,1.0,0,8,3,13,7,52
1850,A,2,a0,ok,0.0,0.3333333333333333,0,5,0,4,4,77
1854,A,2,a0,ok,0.0,0.21428571428571427,0,9,0,5,14,94
1857,A,2,a0,ok,0.0,0.18181818181818182,0,6,0,5,10,79
1859,A,2,a0,ok,0.0,0.09090909090909091,0,1,0,5,5,76
1875,A,2,a0,ok,1.0,1.0,0,2,0,11,4,61
1876,A,2,a0,ok,0.0,0.375,0,5,0,8,4,95
1907,A,2,a0,ok,0.0,0.5,0,0,0,0,5,86
1932,A,2,a0,noneaction,0.0,0.0,,,,,,
1933,A,2,a0,ok,0.0,0.75,0,8,0,4,7,87
1934,A,2,a0,ok,0.0,0.5,0,2,1,5,4,75
1935,A,2,a0,ok,0.0,0.0,0,3,0,2,4,74
1945,A,2,a0,ok,0.0,0.5,1,10,0,14,8,78
1947,A,2,a0,ok,0.0,0.6666666666666666,2,10,2,16,7,85
1948,A,2,a0,ok,0.0,0.6666666666666666,0,4,0,11,10,72
1954,A,2,a0,ok,0.0,0.25,3,9,3,14,5,72
1956,A,2,a0,ok,0.0,0.0,0,8,0,11,18,83
1958,A,2,a0,ok,0.0,0.3333333333333333,1,16,0,4,14,96
1960,A,2,a0,ok,0.0,0.5,0,9,1,9,11,92
1962,A,2,a0,ok,0.0,0.75,0,11,0,12,13,100
1963,A,2,a0,ok,0.0,0.75,2,2,0,8,9,75
1964,A,2,a0,ok,0.0,0.75,0,5,0,8,7,62
1965,A,2,a0,ok,0.0,0.75,0,2,0,2,1,102
1971,A,2,a0,ok,1.0,1.0,0,8,0,10,9,62
1974,A,2,a0,ok,0.0,0.6666666666666666,0,5,0,15,11,80
1975,A,2,a0,ok,0.0,0.25,0,3,0,4,2,96
1978,A,2,a0,ok,0.0,0.75,2,3,0,6,3,69
1981,A,2,a0,ok,0.0,0.5,0,0,0,0,1,76
1982,A,2,a0,ok,0.0,0.75,0,11,1,7,10,99
1983,A,2,a0,ok,1.0,1.0,0,2,1,8,1,71
1984,A,2,a0,ok,0.0,0.6666666666666666,2,5,1,8,11,72
1987,A,2,a0,ok,0.0,0.38461538461538464,0,13,0,13,22,90
1988,A,2,a0,ok,0.0,0.06666666666666667,0,10,8,18,9,80
1989,A,2,a0,ok,0.0,0.058823529411764705,0,1,1,6,1,66
1990,A,2,a0,ok,0.0,0.6,0,3,0,3,10,80
1991,A,2,a0,ok,0.0,0.8,2,10,0,16,8,87
1993,A,2,a0,ok,0.0,0.0,0,2,0,4,3,74
1995,A,2,a0,ok,0.0,0.2,0,8,2,8,6,84
1997,A,2,a0,ok,0.0,0.3333333333333333,0,2,0,3,4,54
1999,A,2,a0,ok,0.0,0.5,0,2,0,3,5,63
433,B,2,a0,ok,0.0,0.3333333333333333,0,14,0,4,15,92
436,B,2,a0,ok,0.0,0.6666666666666666,0,5,0,8,9,78
438,B,2,a0,ok,0.0,0.6,0,5,3,7,10,69
439,B,2,a0,ok,0.0,0.25,0,7,0,2,5,74
442,B,2,a0,ok,0.0,0.5,0,4,0,9,6,85
443,B,2,a0,ok,0.0,0.75,0,1,1,3,1,65
445,B,2,a0,ok,0.0,0.6666666666666666,0,7,0,6,8,63
446,B,2,a0,ok,0.0,0.75,0,0,0,0,0,72
447,B,2,a0,ok,0.0,0.5,1,8,0,4,8,74
448,B,2,a0,ok,0.0,0.6666666666666666,2,2,0,1,1,75
449,B,2,a0,ok,0.0,0.3333333333333333,0,6,2,8,6,71
452,B,2,a0,ok,0.0,0.5,0,0,0,4,0,23
454,B,2,a0,ok,0.0,0.5,1,6,0,0,6,83
455,B,2,a0,ok,0.0,0.5,2,4,0,2,1,60
458,B,2,a0,ok,0.0,0.2222222222222222,0,7,0,9,9,65
1623,B,2,a0,ok,0.0,0.25,0,5,0,9,6,92
1637,B,2,a0,ok,0.0,0.0,0,0,0,0,0,41
1662,B,2,a0,ok,0.0,0.6,2,11,2,11,12,80
1664,B,2,a0,ok,0.0,0.4,0,3,0,3,31,93
1673,B,2,a0,ok,0.0,0.75,0,3,0,8,11,77
1682,B,2,a0,ok,0.0,0.5,0,1,0,4,1,42
1684,B,2,a0,ok,1.0,1.0,0,4,1,6,8,56
1685,B,2,a0,ok,0.0,0.0,0,3,0,6,2,54
1688,B,2,a0,ok,0.0,0.0,0,3,0,5,5,86
1689,B,2,a0,ok,0.0,0.3333333333333333,0,1,0,4,1,77
1698,B,2,a0,ok,0.0,0.3333333333333333,0,0,0,3,2,46
1699,B,2,a0,noneaction,0.0,0.0,,,,,,
1703,B,2,a0,ok,1.0,1.0,0,3,0,4,7,62
1720,B,2,a0,ok,0.0,0.25,2,13,0,4,12,75
1724,B,2,a0,ok,0.0,0.0,0,2,1,1,4,64
1732,B,2,a0,ok,0.0,0.3333333333333333,2,1,0,6,4,42
1735,B,2,a0,ok,0.0,0.5,0,7,0,11,10,96
1736,B,2,a0,ok,0.0,0.25,0,4,1,10,12,83
1737,B,2,a0,ok,0.0,0.75,0,4,0,10,7,90
1745,B,2,a0,ok,1.0,1.0,2,8,2,11,9,72
1746,B,2,a0,ok,0.0,0.25,0,1,0,5,3,71
1747,B,2,a0,ok,0.0,0.6666666666666666,2,14,0,6,16,71
1748,B,2,a0,ok,0.0,0.75,0,9,0,15,12,91
1749,B,2,a0,ok,0.0,0.4,0,3,1,5,6,73
1752,B,2,a0,ok,1.0,1.0,0,1,0,2,2,62
1753,B,2,a0,ok,0.0,0.5,2,4,0,1,1,63
1757,B,2,a0,ok,0.0,0.125,0,8,0,8,7,91
1758,B,2,a0,noneaction,0.0,0.0,,,,,,
1759,B,2,a0,ok,0.0,0.3333333333333333,0,5,0,5,10,72
1764,B,2,a0,ok,0.0,0.2,0,2,0,6,4,98
1774,B,2,a0,ok,0.0,0.2,0,2,0,2,5,82
1776,B,2,a0,ok,0.0,0.5714285714285714,0,4,0,10,13,89
1780,B,2,a0,ok,0.0,0.7142857142857143,0,0,0,0,0,97
1790,B,2,a0,ok,0.0,0.5,0,0,0,0,5,75
1791,B,2,a0,ok,0.0,0.75,0,1,0,2,6,66
1792,B,2,a0,ok,0.0,0.25,1,13,0,2,2,72
1797,B,2,a0,ok,0.0,0.5,0,2,0,12,8,81
1798,B,2,a0,ok,0.0,0.5,2,8,0,12,12,70
1799,B,2,a0,ok,0.0,0.75,0,6,1,6,8,48
1800,B,2,a0,ok,0.0,0.0,0,0,0,3,3,59
1805,B,2,a0,ok,1.0,1.0,0,2,1,8,5,76
1810,B,2,a0,ok,0.0,0.0,2,4,0,8,5,74
1812,B,2,a0,ok,0.0,0.6666666666666666,0,2,1,4,4,74
1833,B,2,a0,ok,0.0,0.5,0,0,0,0,0,51
1834,B,2,a0,ok,0.0,0.6666666666666666,0,11,0,9,15,87
1836,B,2,a0,ok,0.0,0.75,0,14,0,12,17,102
1837,B,2,a0,ok,1.0,1.0,0,4,1,5,8,94
1845,B,2,a0,ok,0.0,0.3333333333333333,0,13,0,2,1,77
1847,B,2,a0,ok,1.0,1.0,2,12,1,5,20,81
1848,B,2,a0,ok,0.0,0.6666666666666666,2,11,0,1,2,76
1851,B,2,a0,ok,0.0,0.6666666666666666,2,4,0,4,6,81
1852,B,2,a0,ok,0.0,0.6666666666666666,0,4,0,5,4,85
1853,B,2,a0,ok,0.0,0.1,0,6,0,5,8,72
1855,B,2,a0,ok,0.0,0.3333333333333333,0,6,0,5,5,74
1856,B,2,a0,ok,0.0,0.09090909090909091,0,7,0,14,14,84
1858,B,2,a0,ok,0.0,0.3076923076923077,2,6,0,7,8,81
1863,B,2,a0,ok,0.0,0.75,1,6,0,7,7,74
1873,B,2,a0,ok,0.0,0.0,0,4,0,6,4,69
1874,B,2,a0,ok,0.0,0.75,0,8,0,5,7,81
1890,B,2,a0,ok,0.0,0.8333333333333334,0,1,0,3,2,64
1891,B,2,a0,ok,0.0,0.6666666666666666,0,5,0,3,7,82
1904,B,2,a0,ok,0.0,0.0,2,3,0,8,5,59
1905,B,2,a0,ok,1.0,1.0,2,3,0,3,7,60
1906,B,2,a0,ok,0.0,0.16666666666666666,0,5,0,8,7,94
1908,B,2,a0,ok,0.0,0.3333333333333333,0,5,0,6,5,86
1909,B,2,a0,ok,0.0,0.16666666666666666,0,5,0,8,8,84
1910,B,2,a0,ok,0.0,0.8333333333333334,0,5,0,13,6,85
1911,B,2,a0,ok,0.0,0.0,0,0,0,0,0,61
1912,B,2,a0,ok,1.0,1.0,0,2,0,7,6,67
1913,B,2,a0,ok,0.0,0.75,0,1,1,6,3,50
1921,B,2,a0,ok,0.0,0.3333333333333333,0,5,0,0,4,73
1923,B,2,a0,ok,0.0,0.3333333333333333,0,2,0,2,5,80
1924,B,2,a0,ok,0.0,0.3333333333333333,0,5,1,5,4,67
1936,B,2,a0,ok,0.0,0.0,0,9,1,11,14,79
1937,B,2,a0,ok,0.0,0.5,0,6,0,0,3,95
1938,B,2,a0,ok,0.0,0.16666666666666666,0,5,1,7,1,68
1939,B,2,a0,ok,0.0,0.6,0,5,1,4,4,79
1940,B,2,a0,ok,0.0,0.6,4,7,6,13,6,83
1943,B,2,a0,noneaction,0.0,0.0,,,,,,
1944,B,2,a0,ok,0.0,0.25,0,2,0,2,2,65
1946,B,2,a0,ok,0.0,0.5,0,1,0,4,3,60
1955,B,2,a0,ok,0.0,0.0,2,12,0,2,13,73
1957,B,2,a0,ok,0.0,0.0,0,5,0,3,5,93
1961,B,2,a0,ok,0.0,0.0,0,1,0,2,1,54
1973,B,2,a0,ok,0.0,0.8,0,3,0,2,2,79
1977,B,2,a0,ok,0.0,0.5714285714285714,1,5,1,9,2,84
1979,B,2,a0,ok,0.0,0.5,0,0,0,3,1,78
1980,B,2,a0,ok,0.0,0.0,1,13,0,8,12,75
1986,B,2,a0,ok,0.0,0.0,0,10,1,4,12,75
1994,B,2,a0,ok,0.0,0.0,0,0,0,0,0,69
1996,B,2,a0,ok,0.0,0.3333333333333333,0,5,1,7,8,74
1998,B,2,a0,ok,0.0,0.0,0,7,1,7,13,79
444,A,2,a1,ok,0.0,0.0,0,11,0,6,13,78
450,A,2,a1,ok,0.0,0.0,0,8,0,17,1,91
451,A,2,a1,ok,0.0,0.0,0,17,0,0,19,72
456,A,2,a1,ok,0.0,0.8,0,6,0,5,7,57
1621,A,2,a1,ok,0.0,0.1,0,5,0,6,4,94
1622,A,2,a1,ok,0.0,0.75,0,3,0,13,4,76
1646,A,2,a1,ok,1.0,1.0,0,2,0,3,1,40
1655,A,2,a1,ok,0.0,0.8,0,1,1,2,5,41
1656,A,2,a1,ok,0.0,0.8,0,1,1,3,5,54
1663,A,2,a1,ok,0.0,0.0,0,21,0,5,21,100
1674,A,2,a1,ok,0.0,0.75,0,5,1,10,6,53
1683,A,2,a1,ok,0.0,0.0,0,3,0,6,7,94
1687,A,2,a1,ok,0.0,0.8,0,7,0,11,11,81
1697,A,2,a1,ok,0.0,0.6,0,2,0,2,3,98
1701,A,2,a1,ok,1.0,1.0,0,2,0,5,4,50
1704,A,2,a1,ok,0.0,0.5,2,13,0,3,12,90
1716,A,2,a1,ok,0.0,0.25,0,1,0,3,1,60
1718,A,2,a1,ok,0.0,0.5,0,4,0,14,6,78
1719,A,2,a1,ok,0.0,0.75,0,3,0,6,6,70
1723,A,2,a1,ok,0.0,0.5,0,13,0,5,16,90
1731,A,2,a1,ok,1.0,1.0,0,1,0,6,2,81
1733,A,2,a1,ok,0.0,0.3333333333333333,0,1,0,4,3,59
1734,A,2,a1,ok,1.0,1.0,0,2,0,2,3,38
1744,A,2,a1,ok,0.0,0.2,0,8,0,12,4,57
1750,A,2,a1,ok,1.0,1.0,0,1,0,6,3,45
1751,A,2,a1,ok,0.0,0.5,0,6,0,8,11,75
1756,A,2,a1,ok,0.0,0.5,0,4,2,7,4,53
1760,A,2,a1,ok,0.0,0.625,0,2,0,4,2,60
1761,A,2,a1,ok,0.0,0.3333333333333333,0,6,0,5,10,73
1762,A,2,a1,ok,0.0,0.0,0,9,1,17,9,88
1773,A,2,a1,ok,0.0,0.6,0,1,1,3,1,62
1777,A,2,a1,ok,0.0,0.42857142857142855,0,0,0,0,1,38
1778,A,2,a1,ok,0.0,0.5714285714285714,0,0,0,0,0,86
1779,A,2,a1,ok,0.0,0.2857142857142857,0,1,0,1,7,84
1803,A,2,a1,ok,1.0,1.0,0,0,0,2,0,40
1804,A,2,a1,ok,0.0,0.0,0,8,1,5,8,94
1806,A,2,a1,ok,1.0,1.0,0,1,1,3,3,34
1807,A,2,a1,ok,0.0,0.0,0,1,0,0,1,48
1808,A,2,a1,ok,0.0,0.5,0,3,0,7,8,101
1809,A,2,a1,ok,0.0,0.75,0,1,0,6,4,43
1811,A,2,a1,ok,1.0,1.0,0,5,2,11,9,71
1831,A,2,a1,ok,0.0,0.25,0,3,0,8,13,93
1835,A,2,a1,ok,1.0,1.0,0,0,0,5,1,42
1838,A,2,a1,ok,0.0,0.75,0,3,1,8,3,57
1839,A,2,a1,ok,0.0,0.25,0,2,0,1,1,102
1840,A,2,a1,ok,0.0,0.8333333333333334,0,5,0,9,11,95
1841,A,2,a1,ok,0.0,0.6,0,5,1,5,7,74
1842,A,2,a1,ok,1.0,1.0,0,1,0,7,3,54
1843,A,2,a1,ok,0.0,0.25,0,2,0,2,1,63
1844,A,2,a1,ok,0.0,0.4,0,11,0,6,10,96
1849,A,2,a1,ok,1.0,1.0,0,0,0,7,3,48
1850,A,2,a1,ok,0.0,0.3333333333333333,0,2,0,13,8,71
1854,A,2,a1,ok,0.0,0.0,0,2,0,0,3,46
1857,A,2,a1,ok,0.0,0.36363636363636365,0,5,0,6,8,88
1859,A,2,a1,ok,0.0,0.18181818181818182,0,11,0,4,13,74
1875,A,2,a1,ok,1.0,1.0,0,2,0,6,2,50
1876,A,2,a1,ok,0.0,0.25,0,0,0,0,0,86
1907,A,2,a1,ok,0.0,0.8333333333333334,0,0,0,0,0,50
1932,A,2,a1,ok,0.0,0.4,0,1,0,3,1,51
1933,A,2,a1,ok,0.0,0.5,0,8,0,7,15,78
1934,A,2,a1,noneaction,0.0,0.0,,,,,,
1935,A,2,a1,ok,0.0,0.2,0,6,1,5,4,66
1945,A,2,a1,ok,0.0,0.25,0,5,0,6,10,92
1947,A,2,a1,ok,0.0,0.6666666666666666,0,0,0,3,2,70
1948,A,2,a1,ok,0.0,0.3333333333333333,0,2,0,7,5,55
1954,A,2,a1,ok,0.0,0.25,0,2,0,8,3,65
1956,A,2,a1,ok,1.0,1.0,0,4,0,8,9,65
1958,A,2,a1,ok,0.0,0.6666666666666666,0,1,0,2,4,43
1960,A,2,a1,ok,0.0,0.125,0,1,0,9,4,102
1962,A,2,a1,noneaction,0.0,0.0,,,,,,
1963,A,2,a1,ok,0.0,0.25,0,0,1,3,1,55
1964,A,2,a1,ok,0.0,0.75,0,2,0,4,4,75
1965,A,2,a1,ok,1.0,1.0,0,2,0,4,2,79
1971,A,2,a1,ok,0.0,0.6666666666666666,0,14,0,9,18,77
1974,A,2,a1,ok,0.0,0.6666666666666666,0,1,0,3,4,40
1975,A,2,a1,ok,0.0,0.75,0,3,0,11,5,68
1978,A,2,a1,ok,0.0,0.25,0,2,0,3,1,53
1981,A,2,a1,ok,0.0,0.5,0,0,0,0,2,51
1982,A,2,a1,ok,0.0,0.25,0,3,0,4,4,60
1983,A,2,a1,ok,0.0,0.3333333333333333,0,5,0,7,3,94
1984,A,2,a1,ok,1.0,1.0,0,1,0,2,2,55
1987,A,2,a1,ok,0.0,0.38461538461538464,0,4,0,13,6,56
1988,A,2,a1,ok,0.0,0.3333333333333333,0,4,0,11,8,57
1989,A,2,a1,ok,0.0,0.29411764705882354,0,3,0,1,3,51
1990,A,2,a1,ok,1.0,1.0,0,1,0,6,4,62
1991,A,2,a1,ok,0.0,0.6,0,3,0,9,13,73
1993,A,2,a1,ok,0.0,0.5,0,0,0,4,2,89
1995,A,2,a1,ok,0.0,0.0,0,9,2,15,4,89
1997,A,2,a1,ok,1.0,1.0,0,9,0,2,9,66
1999,A,2,a1,ok,0.0,0.25,0,5,1,3,7,74
433,B,2,a1,ok,0.0,0.16666666666666666,0,10,0,11,11,95
436,B,2,a1,ok,0.0,0.5,0,3,0,11,7,79
438,B,2,a1,ok,0.0,0.0,0,0,0,0,0,67
439,B,2,a1,ok,0.0,0.75,0,1,0,3,2,45
442,B,2,a1,ok,0.0,0.5,2,7,0,13,6,68
443,B,2,a1,ok,0.0,0.5,0,3,0,8,0,83
445,B,2,a1,ok,0.0,0.6666666666666666,0,3,3,17,4,73
446,B,2,a1,ok,0.0,0.25,0,0,0,0,0,47
447,B,2,a1,ok,0.0,0.3333333333333333,0,5,0,9,9,80
448,B,2,a1,ok,0.0,0.3333333333333333,0,1,0,2,2,72
449,B,2,a1,ok,0.0,0.3333333333333333,0,2,0,3,3,51
452,B,2,a1,ok,1.0,1.0,0,0,0,1,0,23
454,B,2,a1,ok,0.0,0.0,0,10,1,8,9,73
455,B,2,a1,ok,0.0,0.5,0,0,0,2,2,33
458,B,2,a1,ok,0.0,0.5555555555555556,0,3,0,7,3,94
1623,B,2,a1,ok,0.0,0.25,2,8,0,12,13,86
1637,B,2,a1,ok,0.0,0.8333333333333334,0,0,0,4,0,63
1662,B,2,a1,ok,0.0,0.8,0,2,0,3,3,84
1664,B,2,a1,ok,0.0,0.0,0,2,0,3,11,92
1673,B,2,a1,ok,0.0,0.5,0,11,0,10,18,77
1682,B,2,a1,ok,0.0,0.0,0,7,0,7,13,65
1684,B,2,a1,ok,1.0,1.0,0,7,1,8,9,54
1685,B,2,a1,ok,0.0,0.6666666666666666,0,2,0,9,5,39
1688,B,2,a1,ok,0.0,0.0,0,5,0,14,7,85
1689,B,2,a1,ok,0.0,0.6666666666666666,0,8,0,9,7,95
1698,B,2,a1,ok,0.0,0.0,0,9,0,0,9,74
1699,B,2,a1,ok,0.0,0.0,0,2,0,6,6,46
1703,B,2,a1,ok,1.0,1.0,0,1,0,5,4,57
1720,B,2,a1,ok,0.0,0.75,0,2,0,0,0,93
1724,B,2,a1,ok,0.0,0.3333333333333333,0,6,1,5,8,54
1732,B,2,a1,ok,0.0,0.3333333333333333,0,3,0,6,7,54
1735,B,2,a1,ok,0.0,0.25,0,22,0,7,25,85
1736,B,2,a1,ok,0.0,0.5,0,4,1,5,5,79
1737,B,2,a1,ok,0.0,0.75,0,2,0,5,5,54
1745,B,2,a1,ok,1.0,1.0,0,3,0,7,3,38
1746,B,2,a1,ok,1.0,1.0,1,8,2,11,10,76
1747,B,2,a1,ok,0.0,0.6666666666666666,0,7,1,7,15,90
1748,B,2,a1,ok,0.0,0.75,0,8,2,6,7,63
1749,B,2,a1,ok,1.0,1.0,0,2,0,4,3,53
1752,B,2,a1,ok,1.0,1.0,0,4,1,5,7,49
1753,B,2,a1,ok,1.0,1.0,0,1,0,6,1,64
1757,B,2,a1,ok,0.0,0.0,0,5,1,6,6,94
1758,B,2,a1,ok,0.0,0.7142857142857143,0,7,2,12,8,75
1759,B,2,a1,ok,0.0,0.5,0,2,0,5,4,93
1764,B,2,a1,ok,0.0,0.8,0,2,0,5,5,63
1774,B,2,a1,ok,0.0,0.2,0,3,0,12,6,75
1776,B,2,a1,ok,0.0,0.5714285714285714,0,1,0,5,0,62
1780,B,2,a1,ok,0.0,0.5714285714285714,0,1,0,3,3,70
1790,B,2,a1,ok,0.0,0.5,0,12,1,3,17,84
1791,B,2,a1,ok,0.0,0.75,0,1,0,1,3,36
1792,B,2,a1,ok,1.0,1.0,0,5,0,11,8,81
1797,B,2,a1,ok,0.0,0.75,0,2,0,1,3,59
1798,B,2,a1,ok,0.0,0.5,0,6,1,11,9,74
1799,B,2,a1,ok,0.0,0.5,0,13,0,6,11,72
1800,B,2,a1,ok,0.0,0.6666666666666666,0,3,0,2,3,76
1805,B,2,a1,ok,0.0,0.6666666666666666,0,14,0,9,8,78
1810,B,2,a1,ok,0.0,0.6666666666666666,0,7,0,10,9,64
1812,B,2,a1,ok,1.0,1.0,0,0,0,2,0,40
1833,B,2,a1,ok,0.0,0.6666666666666666,0,5,0,1,3,102
1834,B,2,a1,ok,0.0,0.6666666666666666,0,0,0,4,21,74
1836,B,2,a1,ok,0.0,0.0,0,5,0,4,9,64
1837,B,2,a1,ok,0.0,0.2857142857142857,2,13,0,19,12,88
1845,B,2,a1,ok,0.0,0.0,0,5,0,12,10,88
1847,B,2,a1,ok,0.0,0.6666666666666666,0,1,0,4,5,49
1848,B,2,a1,ok,0.0,0.3333333333333333,0,4,0,3,3,88
1851,B,2,a1,ok,0.0,0.0,0,6,0,6,8,92
1852,B,2,a1,ok,0.0,0.0,0,7,0,0,5,82
1853,B,2,a1,ok,0.0,0.4,0,6,0,8,10,68
1855,B,2,a1,noneaction,0.0,0.0,,,,,,
1856,B,2,a1,ok,0.0,0.09090909090909091,0,9,2,8,16,83
1858,B,2,a1,ok,0.0,0.07692307692307693,0,8,0,1,8,89
1863,B,2,a1,ok,0.0,0.0,0,0,0,2,0,82
1873,B,2,a1,ok,1.0,1.0,0,5,0,4,3,57
1874,B,2,a1,ok,0.0,0.5,0,8,0,14,9,81
1890,B,2,a1,ok,0.0,0.5,0,0,0,0,3,19
1891,B,2,a1,ok,0.0,0.6666666666666666,0,7,1,8,5,77
1904,B,2,a1,ok,1.0,1.0,0,4,0,3,6,38
1905,B,2,a1,ok,1.0,1.0,0,7,1,7,7,52
1906,B,2,a1,ok,0.0,0.6666666666666666,0,0,0,12,1,68
1908,B,2,a1,ok,0.0,0.3333333333333333,0,2,1,5,1,86
1909,B,2,a1,ok,0.0,0.16666666666666666,0,0,0,0,0,102
1910,B,2,a1,ok,0.0,0.5,0,5,0,17,7,83
1911,B,2,a1,ok,0.0,0.5,0,4,0,12,5,55
1912,B,2,a1,ok,1.0,1.0,0,2,0,8,6,74
1913,B,2,a1,ok,0.0,0.75,0,6,0,14,11,80
1921,B,2,a1,ok,1.0,1.0,0,11,0,8,13,68
1923,B,2,a1,ok,0.0,0.6666666666666666,0,0,0,0,0,57
1924,B,2,a1,ok,0.0,0.6666666666666666,0,5,1,5,3,77
1936,B,2,a1,ok,0.0,0.5,0,6,0,10,6,77
1937,B,2,a1,ok,0.0,0.25,0,0,0,2,2,64
1938,B,2,a1,ok,0.0,0.5,0,7,0,5,8,71
1939,B,2,a1,ok,0.0,0.6,0,20,0,0,21,66
1940,B,2,a1,ok,0.0,0.6,0,6,1,9,6,70
1943,B,2,a1,ok,0.0,0.25,0,6,0,6,7,82
1944,B,2,a1,ok,0.0,0.25,0,2,0,6,6,70
1946,B,2,a1,ok,0.0,0.5,0,2,0,2,23,77
1955,B,2,a1,ok,0.0,0.5,0,7,0,21,21,81
1957,B,2,a1,ok,0.0,0.0,0,6,0,8,10,88
1961,B,2,a1,ok,0.0,0.25,0,5,0,11,13,79
1973,B,2,a1,ok,0.0,0.4,0,5,0,9,7,94
1977,B,2,a1,ok,0.0,0.5714285714285714,1,0,0,3,0,42
1979,B,2,a1,ok,0.0,0.5,0,3,1,5,1,94
1980,B,2,a1,ok,0.0,0.6666666666666666,0,2,2,4,2,50
1986,B,2,a1,ok,0.0,0.7142857142857143,0,1,0,4,3,86
1994,B,2,a1,ok,0.0,0.3333333333333333,1,4,0,8,6,92
1996,B,2,a1,ok,0.0,0.6666666666666666,0,7,0,0,9,69
1998,B,2,a1,ok,0.0,0.0,0,6,1,7,9,73
