index,ood_subset,baseline_success,memory_success,baseline_failure_reason,memory_failure_reason,baseline_official_error_code,memory_official_error_code,baseline_simulator_success,memory_simulator_success,baseline_length_bound_violation,memory_length_bound_violation,plan_len_baseline,plan_len_memory,plan_len_delta,reference_len,baseline_illegal_actions,baseline_ungrounded_targets,baseline_static_invalid,memory_illegal_actions,memory_ungrounded_targets,memory_static_invalid,injected_demo_ids,demo_absent_entities,demo_anchoring_fraction,baseline_static_fix
12,bowl_missing,False,True,goal_miss,success,FAILED_GOAL_CONSTRAINT,,False,True,False,False,5,5,0,5,[],[],False,[],[],False,"[3458,2781,228,225,6705]","{""225"":[""fork""],""6705"":[""spoon""]}",0.4,False
26,plate_missing,False,True,goal_miss,success,FAILED_GOAL_CONSTRAINT,,False,True,False,False,5,5,0,5,[],[],False,[],[],False,"[1428,2075,56,383,1401]","{""56"":[""banana""],""383"":[""apple""],""1401"":[""pear""],""1428"":[""apple""],""2075"":[""tomato""]}",1.0,False
29,plate_missing,False,True,goal_miss,success,FAILED_GOAL_CONSTRAINT,,False,True,False,False,5,5,0,5,[],[],False,[],[],False,"[940,1197,398,1287,352]","{""352"":[""apple""],""398"":[""pear""],""940"":[""pear""],""1197"":[""tomato""],""1287"":[""banana""]}",1.0,False
31,bowl_missing,False,True,goal_miss,success,FAILED_GOAL_CONSTRAINT,,False,True,False,False,5,5,0,5,[],[],False,[],[],False,"[1401,2069,129,316,1428]","{""129"":[""banana""],""316"":[""pear""],""1401"":[""pear""],""1428"":[""apple""],""2069"":[""tomato""]}",1.0,False
48,plate_missing,False,True,goal_miss,success,FAILED_GOAL_CONSTRAINT,,False,True,False,False,5,5,0,5,[],[],False,[],[],False,"[38,416,548,2909,161]","{""38"":[""tomato""],""161"":[""peach""],""416"":[""pear""],""548"":[""pear""],""2909"":[""banana""]}",1.0,False
58,plate_missing,False,True,goal_miss,success,FAILED_GOAL_CONSTRAINT,,False,True,False,False,5,5,0,5,[],[],False,[],[],False,"[73,2780,57,1222,1428]","{""57"":[""apple""],""73"":[""pear""],""1222"":[""banana""],""1428"":[""apple""],""2780"":[""banana""]}",1.0,False
99,bowl_missing,False,True,goal_miss,success,FAILED_GOAL_CONSTRAINT,,False,True,False,False,5,5,0,5,[],[],False,[],[],False,"[2700,2742,3597,2873,3152]","{""2700"":[""banana"",""bread""],""2742"":[""bread"",""meat""],""2873"":[""bread"",""tomato""],""3152"":[""banana"",""green peas""],""3597"":[""meat"",""pumpkin""]}",1.0,False
100,bowl_missing,False,True,goal_miss,success,FAILED_GOAL_CONSTRAINT,,False,True,False,False,5,5,0,5,[],[],False,[],[],False,"[2700,2742,3597,2873,3152]","{""2700"":[""banana"",""bread""],""2742"":[""bread"",""meat""],""2873"":[""bread"",""tomato""],""3152"":[""banana"",""green peas""],""3597"":[""meat"",""pumpkin""]}",1.0,False
104,bowl_missing,False,True,goal_miss,success,FAILED_GOAL_CONSTRAINT,,False,True,False,False,5,5,0,5,[],[],False,[],[],False,"[1571,3755,3365,1228,4735]",{},0.0,False
142,bowl_missing,False,True,goal_miss,success,FAILED_GOAL_CONSTRAINT,,False,True,False,False,5,5,0,5,[],[],False,[],[],False,"[1571,3755,3365,1228,4735]",{},0.0,False
210,bowl_missing,False,True,goal_miss,success,FAILED_GOAL_CONSTRAINT,,False,True,False,False,5,5,0,5,[],[],False,[],[],False,"[3458,2781,228,225,6705]","{""225"":[""fork""],""6705"":[""spoon""]}",0.4,False
237,plate_missing,False,True,goal_miss,success,FAILED_GOAL_CONSTRAINT,,False,True,False,False,5,5,0,5,[],[],False,[],[],False,"[38,416,548,2909,161]","{""38"":[""tomato""],""161"":[""peach""],""416"":[""pear""],""548"":[""pear""],""2909"":[""banana""]}",1.0,False
319,bowl_missing,False,True,goal_miss,success,FAILED_GOAL_CONSTRAINT,,False,True,False,False,5,5,0,5,[],[],False,[],[],False,"[583,2873,766,460,5685]","{""460"":[""pear"",""tomato""],""583"":[""bread"",""meat""],""766"":[""banana"",""bread""],""2873"":[""bread"",""tomato""],""5685"":[""meat"",""pear""]}",1.0,False
433,bowl_missing,False,True,goal_miss,success,FAILED_GOAL_CONSTRAINT,,False,True,False,False,5,5,0,5,[],[],False,[],[],False,"[2700,2742,3597,2873,3152]","{""2700"":[""banana"",""bread""],""2742"":[""bread"",""meat""],""2873"":[""bread"",""tomato""],""3152"":[""banana"",""green peas""],""3597"":[""meat"",""pumpkin""]}",1.0,False
459,plate_missing,False,True,goal_miss,success,FAILED_GOAL_CONSTRAINT,,False,True,False,False,5,5,0,5,[],[],False,[],[],False,"[38,416,548,2909,161]","{""38"":[""tomato""],""161"":[""peach""],""416"":[""pear""],""548"":[""pear""],""2909"":[""banana""]}",1.0,False
488,plate_missing,False,True,goal_miss,success,FAILED_GOAL_CONSTRAINT,,False,True,False,False,5,5,0,5,[],[],False,[],[],False,"[3458,228,2781,1880,4735]",{},0.0,False
497,plate_missing,False,True,goal_miss,success,FAILED_GOAL_CONSTRAINT,,False,True,False,False,5,5,0,5,[],[],False,[],[],False,"[38,416,548,2909,161]","{""38"":[""tomato""],""161"":[""peach""],""416"":[""pear""],""548"":[""pear""],""2909"":[""banana""]}",1.0,False
505,plate_missing,False,True,goal_miss,success,FAILED_GOAL_CONSTRAINT,,False,True,False,False,5,5,0,5,[],[],False,[],[],False,"[38,416,548,2909,161]","{""38"":[""tomato""],""161"":[""peach""],""416"":[""pear""],""548"":[""pear""],""2909"":[""banana""]}",1.0,False
511,bowl_missing,False,True,goal_miss,success,FAILED_GOAL_CONSTRAINT,,False,True,False,False,5,5,0,5,[],[],False,[],[],False,"[2700,2742,3597,2873,3152]","{""2700"":[""banana"",""bread""],""2742"":[""bread"",""meat""],""2873"":[""bread"",""tomato""],""3152"":[""banana"",""green peas""],""3597"":[""meat"",""pumpkin""]}",1.0,False
521,bowl_missing,False,True,goal_miss,success,FAILED_GOAL_CONSTRAINT,,False,True,False,False,5,5,0,5,[],[],False,[],[],False,"[2700,2742,3597,2873,3152]","{""2700"":[""banana"",""bread""],""2742"":[""bread"",""meat""],""2873"":[""bread"",""tomato""],""3152"":[""banana"",""green peas""],""3597"":[""meat"",""pumpkin""]}",1.0,False
522,bowl_missing,False,True,goal_miss,success,FAILED_GOAL_CONSTRAINT,,False,True,False,False,5,5,0,5,[],[],False,[],[],False,"[2700,2742,3597,2873,3152]","{""2700"":[""banana"",""bread""],""2742"":[""bread"",""meat""],""2873"":[""bread"",""tomato""],""3152"":[""banana"",""green peas""],""3597"":[""meat"",""pumpkin""]}",1.0,False
563,plate_missing,False,True,goal_miss,success,FAILED_GOAL_CONSTRAINT,,False,True,False,False,5,5,0,5,[],[],False,[],[],False,"[38,416,548,2909,161]","{""38"":[""tomato""],""161"":[""peach""],""416"":[""pear""],""548"":[""pear""],""2909"":[""banana""]}",1.0,False
591,plate_missing,False,True,goal_miss,success,FAILED_GOAL_CONSTRAINT,,False,True,False,False,5,5,0,5,[],[],False,[],[],False,"[3458,2781,1228,228,4064]",{},0.0,False
601,bowl_missing,False,True,goal_miss,success,FAILED_GOAL_CONSTRAINT,,False,True,False,False,5,5,0,5,[],[],False,[],[],False,"[583,2873,766,460,5685]","{""460"":[""pear"",""tomato""],""583"":[""bread"",""meat""],""766"":[""banana"",""bread""],""2873"":[""bread"",""tomato""],""5685"":[""meat"",""pear""]}",1.0,False
625,bowl_missing,False,True,goal_miss,success,FAILED_GOAL_CONSTRAINT,,False,True,False,False,5,5,0,5,[],[],False,[],[],False,"[2700,2742,3597,2873,3152]","{""2700"":[""banana"",""bread""],""2742"":[""bread"",""meat""],""2873"":[""bread"",""tomato""],""3152"":[""banana"",""green peas""],""3597"":[""meat"",""pumpkin""]}",1.0,False
631,bowl_missing,False,True,goal_miss,success,FAILED_GOAL_CONSTRAINT,,False,True,False,False,5,5,0,5,[],[],False,[],[],False,"[2700,2742,3597,2873,3152]","{""2700"":[""banana"",""bread""],""2742"":[""bread"",""meat""],""2873"":[""bread"",""tomato""],""3152"":[""banana"",""green peas""],""3597"":[""meat"",""pumpkin""]}",1.0,False
671,bowl_missing,False,True,goal_miss,success,FAILED_GOAL_CONSTRAINT,,False,True,False,False,5,5,0,5,[],[],False,[],[],False,"[583,2873,766,460,5685]","{""460"":[""pear"",""tomato""],""583"":[""bread"",""meat""],""766"":[""banana"",""bread""],""2873"":[""bread"",""tomato""],""5685"":[""meat"",""pear""]}",1.0,False
693,bowl_missing,False,True,goal_miss,success,FAILED_GOAL_CONSTRAINT,,False,True,False,False,5,5,0,5,[],[],False,[],[],False,"[2700,2742,3597,2873,3152]","{""2700"":[""banana"",""bread""],""2742"":[""bread"",""meat""],""2873"":[""bread"",""tomato""],""3152"":[""banana"",""green peas""],""3597"":[""meat"",""pumpkin""]}",1.0,False
702,bowl_missing,False,True,goal_miss,success,FAILED_GOAL_CONSTRAINT,,False,True,False,False,5,5,0,5,[],[],False,[],[],False,"[2700,2742,3597,2873,3152]","{""2700"":[""banana"",""bread""],""2742"":[""bread"",""meat""],""2873"":[""bread"",""tomato""],""3152"":[""banana"",""green peas""],""3597"":[""meat"",""pumpkin""]}",1.0,False
715,plate_missing,False,True,goal_miss,success,FAILED_GOAL_CONSTRAINT,,False,True,False,False,5,5,0,5,[],[],False,[],[],False,"[202,3660,398,1287,855]","{""202"":[""banana""],""398"":[""pear""],""855"":[""apple""],""1287"":[""banana""],""3660"":[""pear""]}",1.0,False
757,plate_missing,False,True,goal_miss,success,FAILED_GOAL_CONSTRAINT,,False,True,False,False,5,5,0,5,[],[],False,[],[],False,"[2767,3266,143,2943,245]","{""143"":[""bread"",""cabinet""],""245"":[""banana"",""cabinet""],""2767"":[""banana"",""cabinet""],""2943"":[""bread"",""cabinet""],""3266"":[""bread"",""cabinet""]}",1.0,False
790,bowl_missing,False,True,goal_miss,success,FAILED_GOAL_CONSTRAINT,,False,True,False,False,5,5,0,5,[],[],False,[],[],False,"[2700,2742,3597,2873,3152]","{""2700"":[""banana"",""bread""],""2742"":[""bread"",""meat""],""2873"":[""bread"",""tomato""],""3152"":[""banana"",""green peas""],""3597"":[""meat"",""pumpkin""]}",1.0,False
793,bowl_missing,False,True,goal_miss,success,FAILED_GOAL_CONSTRAINT,,False,True,False,False,5,5,0,5,[],[],False,[],[],False,"[2700,2742,3597,2873,3152]","{""2700"":[""banana"",""bread""],""2742"":[""bread"",""meat""],""2873"":[""bread"",""tomato""],""3152"":[""banana"",""green peas""],""3597"":[""meat"",""pumpkin""]}",1.0,False
829,bowl_missing,False,True,goal_miss,success,FAILED_GOAL_CONSTRAINT,,False,True,False,False,5,5,0,5,[],[],False,[],[],False,"[2700,2742,3597,2873,3152]","{""2700"":[""banana"",""bread""],""2742"":[""bread"",""meat""],""2873"":[""bread"",""tomato""],""3152"":[""banana"",""green peas""],""3597"":[""meat"",""pumpkin""]}",1.0,False
846,bowl_missing,False,True,goal_miss,success,FAILED_GOAL_CONSTRAINT,,False,True,False,False,5,5,0,5,[],[],False,[],[],False,"[2700,2742,3597,2873,3152]","{""2700"":[""banana"",""bread""],""2742"":[""bread"",""meat""],""2873"":[""bread"",""tomato""],""3152"":[""banana"",""green peas""],""3597"":[""meat"",""pumpkin""]}",1.0,False
851,bowl_missing,False,True,goal_miss,success,FAILED_GOAL_CONSTRAINT,,False,True,False,False,5,5,0,5,[],[],False,[],[],False,"[583,2873,766,460,5685]","{""460"":[""pear"",""tomato""],""583"":[""bread"",""meat""],""766"":[""banana"",""bread""],""2873"":[""bread"",""tomato""],""5685"":[""meat"",""pear""]}",1.0,False
867,plate_missing,False,True,goal_miss,success,FAILED_GOAL_CONSTRAINT,,False,True,False,False,5,5,0,5,[],[],False,[],[],False,"[940,1197,398,1287,352]","{""352"":[""apple""],""398"":[""pear""],""940"":[""pear""],""1197"":[""tomato""],""1287"":[""banana""]}",1.0,False
872,bowl_missing,False,True,goal_miss,success,FAILED_GOAL_CONSTRAINT,,False,True,False,False,5,5,0,5,[],[],False,[],[],False,"[2700,2742,3597,2873,3152]","{""2700"":[""banana"",""bread""],""2742"":[""bread"",""meat""],""2873"":[""bread"",""tomato""],""3152"":[""banana"",""green peas""],""3597"":[""meat"",""pumpkin""]}",1.0,False
882,bowl_missing,False,True,goal_miss,success,FAILED_GOAL_CONSTRAINT,,False,True,False,False,5,5,0,5,[],[],False,[],[],False,"[2700,2742,3597,2873,3152]","{""2700"":[""banana"",""bread""],""2742"":[""bread"",""meat""],""2873"":[""bread"",""tomato""],""3152"":[""banana"",""green peas""],""3597"":[""meat"",""pumpkin""]}",1.0,False
926,plate_missing,False,True,ungrounded_entity,success,NOT_FOUND_ENTITY,,False,True,False,False,5,5,0,5,[],"[""dish""]",True,[],[],False,"[1401,2069,129,316,1428]","{""129"":[""banana""],""316"":[""pear""],""1401"":[""pear""],""1428"":[""apple""],""2069"":[""tomato""]}",1.0,True
935,bowl_missing,False,True,goal_miss,success,FAILED_GOAL_CONSTRAINT,,False,True,False,False,5,5,0,5,[],[],False,[],[],False,"[2700,2742,3597,2873,3152]","{""2700"":[""banana"",""bread""],""2742"":[""bread"",""meat""],""2873"":[""bread"",""tomato""],""3152"":[""banana"",""green peas""],""3597"":[""meat"",""pumpkin""]}",1.0,False
945,plate_missing,False,True,goal_miss,success,FAILED_GOAL_CONSTRAINT,,False,True,False,False,5,5,0,5,[],[],False,[],[],False,"[38,416,548,2909,161]","{""38"":[""tomato""],""161"":[""peach""],""416"":[""pear""],""548"":[""pear""],""2909"":[""banana""]}",1.0,False
960,bowl_missing,False,True,goal_miss,success,FAILED_GOAL_CONSTRAINT,,False,True,False,False,5,5,0,5,[],[],False,[],[],False,"[2700,2742,3597,2873,3152]","{""2700"":[""banana"",""bread""],""2742"":[""bread"",""meat""],""2873"":[""bread"",""tomato""],""3152"":[""banana"",""green peas""],""3597"":[""meat"",""pumpkin""]}",1.0,False
967,bowl_missing,False,True,goal_miss,success,FAILED_GOAL_CONSTRAINT,,False,True,False,False,5,5,0,5,[],[],False,[],[],False,"[2700,2742,3597,2873,3152]","{""2700"":[""banana"",""bread""],""2742"":[""bread"",""meat""],""2873"":[""bread"",""tomato""],""3152"":[""banana"",""green peas""],""3597"":[""meat"",""pumpkin""]}",1.0,False
982,bowl_missing,False,True,goal_miss,success,FAILED_GOAL_CONSTRAINT,,False,True,False,False,5,5,0,5,[],[],False,[],[],False,"[583,2873,766,460,5685]","{""460"":[""pear"",""tomato""],""583"":[""bread"",""meat""],""766"":[""banana"",""bread""],""2873"":[""bread"",""tomato""],""5685"":[""meat"",""pear""]}",1.0,False
992,bowl_missing,False,True,goal_miss,success,FAILED_GOAL_CONSTRAINT,,False,True,False,False,5,5,0,5,[],[],False,[],[],False,"[2700,2742,3597,2873,3152]","{""2700"":[""banana"",""bread""],""2742"":[""bread"",""meat""],""2873"":[""bread"",""tomato""],""3152"":[""banana"",""green peas""],""3597"":[""meat"",""pumpkin""]}",1.0,False
1002,bowl_missing,False,True,goal_miss,success,FAILED_GOAL_CONSTRAINT,,False,True,False,False,5,5,0,5,[],[],False,[],[],False,"[2700,2742,3597,2873,3152]","{""2700"":[""banana"",""bread""],""2742"":[""bread"",""meat""],""2873"":[""bread"",""tomato""],""3152"":[""banana"",""green peas""],""3597"":[""meat"",""pumpkin""]}",1.0,False
1024,bowl_missing,False,True,goal_miss,success,FAILED_GOAL_CONSTRAINT,,False,True,False,False,5,5,0,5,[],[],False,[],[],False,"[2700,2742,3597,2873,3152]","{""2700"":[""banana"",""bread""],""2742"":[""bread"",""meat""],""2873"":[""bread"",""tomato""],""3152"":[""banana"",""green peas""],""3597"":[""meat"",""pumpkin""]}",1.0,False
1064,bowl_missing,False,True,goal_miss,success,FAILED_GOAL_CONSTRAINT,,False,True,False,False,5,5,0,5,[],[],False,[],[],False,"[2700,2742,3597,2873,3152]","{""2700"":[""banana"",""bread""],""2742"":[""bread"",""meat""],""2873"":[""bread"",""tomato""],""3152"":[""banana"",""green peas""],""3597"":[""meat"",""pumpkin""]}",1.0,False
1089,bowl_missing,False,True,goal_miss,success,FAILED_GOAL_CONSTRAINT,,False,True,False,False,5,5,0,5,[],[],False,[],[],False,"[3458,228,2781,1880,4735]",{},0.0,False
1099,bowl_missing,False,True,goal_miss,success,FAILED_GOAL_CONSTRAINT,,False,True,False,False,5,5,0,5,[],[],False,[],[],False,"[2700,2742,3597,2873,3152]","{""2700"":[""banana"",""bread""],""2742"":[""bread"",""meat""],""2873"":[""bread"",""tomato""],""3152"":[""banana"",""green peas""],""3597"":[""meat"",""pumpkin""]}",1.0,False
1151,bowl_missing,False,True,goal_miss,success,FAILED_GOAL_CONSTRAINT,,False,True,False,False,5,5,0,5,[],[],False,[],[],False,"[2700,2742,3597,2873,3152]","{""2700"":[""banana"",""bread""],""2742"":[""bread"",""meat""],""2873"":[""bread"",""tomato""],""3152"":[""banana"",""green peas""],""3597"":[""meat"",""pumpkin""]}",1.0,False
1177,plate_missing,False,True,goal_miss,success,FAILED_GOAL_CONSTRAINT,,False,True,False,False,5,5,0,5,[],[],False,[],[],False,"[2767,3266,143,2943,245]","{""143"":[""bread"",""cabinet""],""245"":[""banana"",""cabinet""],""2767"":[""banana"",""cabinet""],""2943"":[""bread"",""cabinet""],""3266"":[""bread"",""cabinet""]}",1.0,False
1208,bowl_missing,False,True,goal_miss,success,FAILED_GOAL_CONSTRAINT,,False,True,False,False,5,5,0,5,[],[],False,[],[],False,"[583,2873,766,460,5685]","{""460"":[""pear"",""tomato""],""583"":[""bread"",""meat""],""766"":[""banana"",""bread""],""2873"":[""bread"",""tomato""],""5685"":[""meat"",""pear""]}",1.0,False
1217,bowl_missing,False,True,goal_miss,success,FAILED_GOAL_CONSTRAINT,,False,True,False,False,5,5,0,5,[],[],False,[],[],False,"[583,2873,766,460,5685]","{""460"":[""pear"",""tomato""],""583"":[""bread"",""meat""],""766"":[""banana"",""bread""],""2873"":[""bread"",""tomato""],""5685"":[""meat"",""pear""]}",1.0,False
