index,task_id,P_response,P_official,P_json_tolerant,GMemory_official,GMemory_json_tolerant,zero_shot_official,zero_shot_json_tolerant,ours_SOLVED
0,1044_8-2,runs/imaged/incontext_library.jsonl#index=0,0,0,0,0,0,0,1
1,4363_8-1,runs/imaged/incontext_library.jsonl#index=1,0,0,0,0,0,0,1
2,3035_8-2,runs/imaged/incontext_library.jsonl#index=2,0,0,0,0,0,0,1
3,4554_9-1,runs/imaged/incontext_library.jsonl#index=3,0,0,0,0,0,0,1
4,4168_9-1,runs/imaged/incontext_library.jsonl#index=4,0,0,0,0,0,0,1
5,2018_8-2,runs/imaged/incontext_library.jsonl#index=5,0,0,0,0,0,0,0
6,7543_9-1,runs/imaged/incontext_library.jsonl#index=6,0,0,0,0,0,0,1
7,1943_9-1,runs/imaged/incontext_library.jsonl#index=7,0,0,0,0,0,0,1
8,5937_9-1,runs/imaged/incontext_library.jsonl#index=8,0,0,0,0,0,0,1
9,3173_8-2,runs/imaged/incontext_library.jsonl#index=9,0,0,0,0,0,0,1
10,4307_8-1,runs/imaged/incontext_library.jsonl#index=10,0,0,0,0,0,0,1
11,1292_9-1,runs/imaged/incontext_library.jsonl#index=11,0,0,0,0,0,0,1
12,3800_9-1,runs/imaged/incontext_library.jsonl#index=12,0,0,0,0,0,0,1
13,1468_9-1,runs/imaged/incontext_library.jsonl#index=13,0,0,0,0,0,0,1
14,1782_8-2,runs/imaged/incontext_library.jsonl#index=14,0,0,0,0,0,0,1
15,4438_8-2,runs/imaged/incontext_library.jsonl#index=15,0,0,0,0,0,0,1
16,6277_9-1,runs/imaged/incontext_library.jsonl#index=16,0,0,0,0,0,0,1
17,5845_8-1,runs/imaged/incontext_library.jsonl#index=17,0,0,0,0,0,0,1
18,5501_8-1,runs/imaged/incontext_library.jsonl#index=18,0,0,0,0,0,0,1
19,1850_8-1,runs/imaged/incontext_library.jsonl#index=19,0,0,0,0,0,0,1
20,5900_8-2,runs/imaged/incontext_library.jsonl#index=20,0,0,0,0,0,0,1
21,3071_8-2,runs/imaged/incontext_library.jsonl#index=21,0,0,0,0,0,0,1
22,7027_9-1,runs/imaged/incontext_library.jsonl#index=22,0,0,0,0,0,0,1
23,904_9-1,runs/imaged/incontext_library.jsonl#index=23,0,0,0,0,0,0,1
24,4649_8-2,runs/imaged/incontext_library.jsonl#index=24,0,0,0,0,0,0,1
25,4898_9-1,runs/imaged/incontext_library.jsonl#index=25,0,0,0,0,0,0,1
26,6520_9-1,runs/imaged/incontext_library.jsonl#index=26,0,0,0,0,0,0,1
27,1671_8-2,runs/imaged/incontext_library.jsonl#index=27,0,0,0,0,0,0,0
28,1366_8-1,runs/imaged/incontext_library.jsonl#index=28,0,0,0,0,0,0,0
29,5885_9-1,runs/imaged/incontext_library.jsonl#index=29,0,0,0,0,0,0,1
30,7674_8-2,runs/imaged/incontext_library.jsonl#index=30,0,0,0,0,0,0,1
31,3687_9-1,runs/imaged/incontext_library.jsonl#index=31,0,0,0,0,0,0,1
32,3594_8-2,runs/imaged/incontext_library.jsonl#index=32,0,0,0,0,0,0,0
33,5695_8-1,runs/imaged/incontext_library.jsonl#index=33,0,0,0,0,0,0,1
34,4690_9-1,runs/imaged/incontext_library.jsonl#index=34,0,0,0,0,0,0,1
35,4420_9-1,runs/imaged/incontext_library.jsonl#index=35,0,0,0,0,0,0,1
36,3519_8-1,runs/imaged/incontext_library.jsonl#index=36,0,0,0,0,0,0,1
37,6432_9-1,runs/imaged/incontext_library.jsonl#index=37,0,0,0,0,0,0,1
38,6453_8-2,runs/imaged/incontext_library.jsonl#index=38,0,0,0,0,0,0,1
39,2568_8-2,runs/imaged/incontext_library.jsonl#index=39,0,0,0,0,0,0,1
40,5027_8-2,runs/imaged/incontext_library.jsonl#index=40,0,0,0,0,0,0,1
41,1933_8-1,runs/imaged/incontext_library.jsonl#index=41,0,0,0,0,0,0,0
42,1893_8-2,runs/imaged/incontext_library.jsonl#index=42,0,0,0,0,0,0,1
43,6086_9-1,runs/imaged/incontext_library.jsonl#index=43,0,0,0,0,0,0,1
44,3198_8-1,runs/imaged/incontext_library.jsonl#index=44,0,0,0,0,0,0,1
45,3693_9-1,runs/imaged/incontext_library.jsonl#index=45,0,0,0,0,0,0,1
46,1235_8-2,runs/imaged/incontext_library.jsonl#index=46,0,0,0,0,0,0,1
47,762_8-2,runs/imaged/incontext_library.jsonl#index=47,0,0,0,0,0,0,1
48,3949_8-1,runs/imaged/incontext_library.jsonl#index=48,0,0,0,0,0,0,1
49,858_8-1,runs/imaged/incontext_library.jsonl#index=49,0,0,0,0,0,0,1
50,4799_8-1,runs/imaged/incontext_library.jsonl#index=50,0,0,0,0,0,0,1
51,311_8-1,runs/imaged/incontext_library.jsonl#index=51,0,0,0,0,0,0,1
52,3891_9-1,runs/imaged/incontext_library.jsonl#index=52,0,0,0,0,0,0,1
53,6536_9-1,runs/imaged/incontext_library.jsonl#index=53,0,0,0,0,0,0,0
54,2101_9-1,runs/imaged/incontext_library.jsonl#index=54,0,0,0,0,0,0,0
55,797_8-1,runs/imaged/incontext_library.jsonl#index=55,0,0,0,0,0,0,1
56,1822_9-1,runs/imaged/incontext_library.jsonl#index=56,0,0,0,0,0,0,1
57,1331_8-2,runs/imaged/incontext_library.jsonl#index=57,0,0,0,0,0,0,1
58,1581_8-2,runs/imaged/incontext_library.jsonl#index=58,0,0,0,0,0,0,1
59,2493_8-2,runs/imaged/incontext_library.jsonl#index=59,0,0,0,0,0,0,0
60,1487_9-1,runs/imaged/incontext_library.jsonl#index=60,0,0,0,0,0,0,0
61,1064_9-1,runs/imaged/incontext_library.jsonl#index=61,0,0,0,0,0,0,1
62,6466_8-2,runs/imaged/incontext_library.jsonl#index=62,0,0,0,0,0,0,0
63,449_9-1,runs/imaged/incontext_library.jsonl#index=63,0,0,0,0,0,0,1
64,4366_9-1,runs/imaged/incontext_library.jsonl#index=64,0,0,0,0,0,0,1
65,6066_9-1,runs/imaged/incontext_library.jsonl#index=65,0,0,0,0,0,0,1
66,2654_8-1,runs/imaged/incontext_library.jsonl#index=66,0,0,0,1,0,0,0
67,7587_9-1,runs/imaged/incontext_library.jsonl#index=67,0,0,0,0,0,0,1
68,3831_9-1,runs/imaged/incontext_library.jsonl#index=68,0,0,0,0,0,0,0
69,519_8-2,runs/imaged/incontext_library.jsonl#index=69,0,0,0,0,0,0,0
70,4215_8-2,runs/imaged/incontext_library.jsonl#index=70,0,0,0,0,0,0,1
71,3292_8-1,runs/imaged/incontext_library.jsonl#index=71,0,0,0,0,0,0,1
72,266_9-1,runs/imaged/incontext_library.jsonl#index=72,0,0,0,0,0,0,1
73,5144_8-1,runs/imaged/incontext_library.jsonl#index=73,0,0,0,0,0,0,1
74,2563_9-1,runs/imaged/incontext_library.jsonl#index=74,0,0,0,0,0,0,0
75,4032_8-1,runs/imaged/incontext_library.jsonl#index=75,0,0,0,0,0,0,0
76,1695_8-1,runs/imaged/incontext_library.jsonl#index=76,0,0,0,0,0,0,1
77,1196_8-2,runs/imaged/incontext_library.jsonl#index=77,0,0,0,0,0,0,0
78,3268_8-2,runs/imaged/incontext_library.jsonl#index=78,0,0,0,0,0,0,1
79,6154_8-1,runs/imaged/incontext_library.jsonl#index=79,0,0,0,0,0,0,1
80,6875_9-1,runs/imaged/incontext_library.jsonl#index=80,0,0,0,0,0,0,0
81,5260_8-1,runs/imaged/incontext_library.jsonl#index=81,0,0,0,0,0,0,1
82,3356_8-2,runs/imaged/incontext_library.jsonl#index=82,0,0,0,0,0,0,1
83,350_9-1,runs/imaged/incontext_library.jsonl#index=83,0,0,0,0,0,0,1
84,817_8-1,runs/imaged/incontext_library.jsonl#index=84,0,0,0,0,0,0,1
85,7207_9-1,runs/imaged/incontext_library.jsonl#index=85,0,0,0,0,0,0,1
86,295_9-1,runs/imaged/incontext_library.jsonl#index=86,0,0,0,0,0,0,1
87,4547_8-2,runs/imaged/incontext_library.jsonl#index=87,0,0,0,1,0,0,1
88,4120_9-1,runs/imaged/incontext_library.jsonl#index=88,0,0,0,0,0,0,1
89,3432_8-1,runs/imaged/incontext_library.jsonl#index=89,0,0,0,0,0,0,1
90,4521_8-1,runs/imaged/incontext_library.jsonl#index=90,0,0,0,0,0,0,1
91,2090_9-1,runs/imaged/incontext_library.jsonl#index=91,0,0,0,0,0,0,1
92,4818_8-1,runs/imaged/incontext_library.jsonl#index=92,0,0,0,0,0,0,0
93,1546_8-2,runs/imaged/incontext_library.jsonl#index=93,0,0,0,0,0,0,1
94,2420_8-2,runs/imaged/incontext_library.jsonl#index=94,0,0,0,0,0,0,1
95,1831_8-1,runs/imaged/incontext_library.jsonl#index=95,0,0,0,0,0,0,1
96,3280_8-2,runs/imaged/incontext_library.jsonl#index=96,0,0,0,0,0,0,1
97,28_8-1,runs/imaged/incontext_library.jsonl#index=97,0,0,0,0,0,0,1
98,4512_9-1,runs/imaged/incontext_library.jsonl#index=98,0,0,0,0,0,0,0
99,2772_9-1,runs/imaged/incontext_library.jsonl#index=99,0,0,0,0,0,0,1
100,1426_9-1,runs/imaged/incontext_library.jsonl#index=100,0,0,0,0,0,0,1
101,3330_9-1,runs/imaged/incontext_library.jsonl#index=101,0,0,0,0,0,0,0
102,3502_8-2,runs/imaged/incontext_library.jsonl#index=102,0,0,0,0,0,0,1
103,5710_8-2,runs/imaged/incontext_library.jsonl#index=103,0,0,0,0,0,0,1
104,2978_8-2,runs/imaged/incontext_library.jsonl#index=104,0,0,0,0,0,0,1
105,4587_9-1,runs/imaged/incontext_library.jsonl#index=105,0,0,0,0,0,0,1
106,6128_8-1,runs/imaged/incontext_library.jsonl#index=106,0,0,0,0,0,0,1
107,1907_8-2,runs/imaged/incontext_library.jsonl#index=107,0,0,0,0,0,0,1
108,2045_9-1,runs/imaged/incontext_library.jsonl#index=108,0,0,0,0,0,0,1
109,1521_8-2,runs/imaged/incontext_library.jsonl#index=109,0,0,0,0,0,0,1
110,1026_8-2,runs/imaged/incontext_library.jsonl#index=110,0,0,0,0,0,0,1
111,1463_8-2,runs/imaged/incontext_library.jsonl#index=111,0,0,0,0,0,0,1
112,2633_8-2,runs/imaged/incontext_library.jsonl#index=112,0,0,0,0,0,0,1
113,6816_8-2,runs/imaged/incontext_library.jsonl#index=113,0,0,0,0,0,0,1
114,1404_8-1,runs/imaged/incontext_library.jsonl#index=114,0,0,0,0,0,0,1
115,1273_8-1,runs/imaged/incontext_library.jsonl#index=115,0,0,0,1,0,0,1
116,4494_9-1,runs/imaged/incontext_library.jsonl#index=116,0,0,0,0,0,0,1
117,3515_8-1,runs/imaged/incontext_library.jsonl#index=117,0,0,0,1,0,0,1
118,2999_8-2,runs/imaged/incontext_library.jsonl#index=118,0,0,0,0,0,0,1
119,3723_9-1,runs/imaged/incontext_library.jsonl#index=119,0,0,0,0,0,0,1
120,2855_8-2,runs/imaged/incontext_library.jsonl#index=120,0,0,0,0,0,0,1
121,4996_8-2,runs/imaged/incontext_library.jsonl#index=121,0,0,0,0,0,0,0
122,7424_8-1,runs/imaged/incontext_library.jsonl#index=122,0,0,0,0,0,0,1
123,104_8-1,runs/imaged/incontext_library.jsonl#index=123,0,0,0,0,0,0,1
124,4093_8-1,runs/imaged/incontext_library.jsonl#index=124,0,0,0,0,0,0,1
125,5738_8-2,runs/imaged/incontext_library.jsonl#index=125,0,0,0,1,0,0,1
126,4471_8-2,runs/imaged/incontext_library.jsonl#index=126,0,0,0,0,0,0,1
127,3069_9-1,runs/imaged/incontext_library.jsonl#index=127,0,0,0,0,0,0,1
128,4003_8-1,runs/imaged/incontext_library.jsonl#index=128,0,0,0,1,0,0,0
129,416_9-1,runs/imaged/incontext_library.jsonl#index=129,0,0,0,0,0,0,1
130,4244_8-2,runs/imaged/incontext_library.jsonl#index=130,0,0,0,0,0,0,1
131,464_8-2,runs/imaged/incontext_library.jsonl#index=131,0,0,0,0,0,0,1
132,6661_8-2,runs/imaged/incontext_library.jsonl#index=132,0,0,0,1,0,0,1
133,669_8-1,runs/imaged/incontext_library.jsonl#index=133,0,0,0,0,0,0,1
134,4224_8-1,runs/imaged/incontext_library.jsonl#index=134,0,0,0,0,0,0,1
135,4660_8-2,runs/imaged/incontext_library.jsonl#index=135,0,0,0,0,0,0,1
136,5399_8-2,runs/imaged/incontext_library.jsonl#index=136,0,0,0,0,0,0,1
137,1648_8-2,runs/imaged/incontext_library.jsonl#index=137,0,0,0,0,0,0,0
138,6496_9-1,runs/imaged/incontext_library.jsonl#index=138,0,0,0,1,0,0,1
139,1620_8-1,runs/imaged/incontext_library.jsonl#index=139,0,0,0,0,0,0,1
140,2023_9-1,runs/imaged/incontext_library.jsonl#index=140,0,0,0,0,0,0,1
141,6028_8-2,runs/imaged/incontext_library.jsonl#index=141,0,0,0,0,0,0,0
142,6750_8-2,runs/imaged/incontext_library.jsonl#index=142,0,0,0,0,0,0,1
143,4230_8-1,runs/imaged/incontext_library.jsonl#index=143,0,0,0,0,0,0,1
144,3511_8-2,runs/imaged/incontext_library.jsonl#index=144,0,0,0,0,0,0,1
145,1684_8-2,runs/imaged/incontext_library.jsonl#index=145,0,0,0,0,0,0,0
146,1014_8-1,runs/imaged/incontext_library.jsonl#index=146,0,0,0,0,0,0,1
147,7558_9-1,runs/imaged/incontext_library.jsonl#index=147,0,0,0,0,0,0,1
148,4968_8-1,runs/imaged/incontext_library.jsonl#index=148,0,0,0,0,0,0,1
149,4159_9-1,runs/imaged/incontext_library.jsonl#index=149,0,0,0,0,0,0,0
150,3932_8-2,runs/imaged/incontext_library.jsonl#index=150,0,0,0,0,0,0,1
151,1462_9-1,runs/imaged/incontext_library.jsonl#index=151,0,0,0,0,0,0,0
152,7525_9-1,runs/imaged/incontext_library.jsonl#index=152,0,0,0,0,0,0,1
153,5199_9-1,runs/imaged/incontext_library.jsonl#index=153,0,0,0,0,0,0,1
154,2900_8-1,runs/imaged/incontext_library.jsonl#index=154,0,0,0,0,0,0,0
155,2786_8-1,runs/imaged/incontext_library.jsonl#index=155,0,0,0,0,0,0,1
156,7759_8-2,runs/imaged/incontext_library.jsonl#index=156,0,0,0,0,0,0,0
157,3228_9-1,runs/imaged/incontext_library.jsonl#index=157,0,0,0,0,0,0,0
158,3232_8-1,runs/imaged/incontext_library.jsonl#index=158,0,0,0,0,0,0,1
159,6027_8-1,runs/imaged/incontext_library.jsonl#index=159,0,0,0,0,0,0,1
160,3128_8-1,runs/imaged/incontext_library.jsonl#index=160,0,0,0,0,0,0,1
161,4041_9-1,runs/imaged/incontext_library.jsonl#index=161,0,0,0,0,0,0,1
162,1672_9-1,runs/imaged/incontext_library.jsonl#index=162,0,0,0,0,0,0,1
163,2759_9-1,runs/imaged/incontext_library.jsonl#index=163,0,0,0,0,0,0,1
164,7183_8-2,runs/imaged/incontext_library.jsonl#index=164,0,0,0,0,0,0,1
165,2819_9-1,runs/imaged/incontext_library.jsonl#index=165,0,0,0,0,0,0,1
166,6462_8-1,runs/imaged/incontext_library.jsonl#index=166,0,0,0,0,0,0,1
167,2462_9-1,runs/imaged/incontext_library.jsonl#index=167,0,0,0,0,0,0,1
168,7406_8-1,runs/imaged/incontext_library.jsonl#index=168,0,0,0,0,0,0,1
169,1518_8-1,runs/imaged/incontext_library.jsonl#index=169,0,0,0,0,0,0,1
170,2974_8-1,runs/imaged/incontext_library.jsonl#index=170,0,0,0,0,0,0,1
171,7728_8-1,runs/imaged/incontext_library.jsonl#index=171,0,0,0,0,0,0,1
172,4307_8-1,runs/imaged/incontext_library.jsonl#index=172,0,0,0,0,0,0,1
173,6970_8-2,runs/imaged/incontext_library.jsonl#index=173,0,0,0,0,0,0,1
174,1067_9-1,runs/imaged/incontext_library.jsonl#index=174,0,0,0,0,0,0,0
175,3941_8-2,runs/imaged/incontext_library.jsonl#index=175,0,0,0,0,0,0,1
176,100_9-1,runs/imaged/incontext_library.jsonl#index=176,0,0,0,0,0,0,0
177,3264_9-1,runs/imaged/incontext_library.jsonl#index=177,0,0,0,0,0,0,0
178,6924_9-1,runs/imaged/incontext_library.jsonl#index=178,0,0,0,0,0,0,0
179,639_8-1,runs/imaged/incontext_library.jsonl#index=179,0,0,0,0,0,0,1
180,7051_9-1,runs/imaged/incontext_library.jsonl#index=180,0,0,0,0,0,0,1
181,1622_9-1,runs/imaged/incontext_library.jsonl#index=181,0,0,0,0,0,0,0
182,2017_8-1,runs/imaged/incontext_library.jsonl#index=182,0,0,0,0,0,0,1
183,3722_8-1,runs/imaged/incontext_library.jsonl#index=183,0,0,0,0,0,0,0
184,2116_8-2,runs/imaged/incontext_library.jsonl#index=184,0,0,0,0,0,0,1
185,2124_8-2,runs/imaged/incontext_library.jsonl#index=185,0,0,0,0,0,0,1
186,1678_9-1,runs/imaged/incontext_library.jsonl#index=186,0,0,0,0,0,0,1
187,1426_9-1,runs/imaged/incontext_library.jsonl#index=187,0,0,0,0,0,0,1
188,7666_9-1,runs/imaged/incontext_library.jsonl#index=188,0,0,0,0,0,0,0
189,190_9-1,runs/imaged/incontext_library.jsonl#index=189,0,0,0,0,0,0,1
190,243_8-2,runs/imaged/incontext_library.jsonl#index=190,0,0,0,0,0,0,1
191,4496_8-2,runs/imaged/incontext_library.jsonl#index=191,0,0,0,0,0,0,1
192,642_8-1,runs/imaged/incontext_library.jsonl#index=192,0,0,0,0,0,0,1
193,6188_8-1,runs/imaged/incontext_library.jsonl#index=193,0,0,0,0,0,0,1
194,6_8-2,runs/imaged/incontext_library.jsonl#index=194,0,0,0,0,0,0,1
195,3437_9-1,runs/imaged/incontext_library.jsonl#index=195,0,0,0,0,0,0,1
196,7421_8-1,runs/imaged/incontext_library.jsonl#index=196,0,0,0,0,0,0,1
197,4850_8-2,runs/imaged/incontext_library.jsonl#index=197,0,0,0,0,0,0,1
198,2066_8-2,runs/imaged/incontext_library.jsonl#index=198,0,0,0,0,0,0,1
199,2867_8-2,runs/imaged/incontext_library.jsonl#index=199,0,0,0,1,0,0,1
200,3589_8-1,runs/imaged/incontext_library.jsonl#index=200,0,0,0,1,0,0,1
201,4104_8-1,runs/imaged/incontext_library.jsonl#index=201,0,0,0,0,0,0,1
202,2905_9-1,runs/imaged/incontext_library.jsonl#index=202,0,0,0,0,0,0,1
203,657_8-2,runs/imaged/incontext_library.jsonl#index=203,0,0,0,0,0,0,1
204,3972_9-1,runs/imaged/incontext_library.jsonl#index=204,0,0,0,0,0,0,0
205,2432_8-2,runs/imaged/incontext_library.jsonl#index=205,0,0,0,0,0,0,1
206,2883_8-1,runs/imaged/incontext_library.jsonl#index=206,0,0,0,0,0,0,1
207,2182_8-2,runs/imaged/incontext_library.jsonl#index=207,0,0,0,0,0,0,1
208,618_9-1,runs/imaged/incontext_library.jsonl#index=208,0,0,0,0,0,0,1
209,5308_8-2,runs/imaged/incontext_library.jsonl#index=209,0,0,0,0,0,0,1
210,92_8-1,runs/imaged/incontext_library.jsonl#index=210,0,0,0,0,0,0,0
211,6118_9-1,runs/imaged/incontext_library.jsonl#index=211,0,0,0,0,0,0,0
212,5150_9-1,runs/imaged/incontext_library.jsonl#index=212,0,0,0,0,0,0,0
213,789_8-1,runs/imaged/incontext_library.jsonl#index=213,0,0,0,1,0,0,1
214,4485_8-2,runs/imaged/incontext_library.jsonl#index=214,0,0,0,0,0,0,1
215,4534_9-1,runs/imaged/incontext_library.jsonl#index=215,0,0,0,0,0,0,0
216,771_8-1,runs/imaged/incontext_library.jsonl#index=216,0,0,0,0,0,0,1
217,3311_8-1,runs/imaged/incontext_library.jsonl#index=217,0,0,0,0,0,0,1
218,6761_9-1,runs/imaged/incontext_library.jsonl#index=218,0,0,0,0,0,0,1
219,53_8-1,runs/imaged/incontext_library.jsonl#index=219,0,0,0,0,0,0,1
220,2724_9-1,runs/imaged/incontext_library.jsonl#index=220,0,0,0,0,0,0,1
221,2417_9-1,runs/imaged/incontext_library.jsonl#index=221,0,0,0,0,0,0,0
222,4195_9-1,runs/imaged/incontext_library.jsonl#index=222,0,0,0,0,0,0,1
223,248_8-2,runs/imaged/incontext_library.jsonl#index=223,0,0,0,0,0,0,0
224,6573_9-1,runs/imaged/incontext_library.jsonl#index=224,0,0,0,0,0,0,1
225,2208_8-1,runs/imaged/incontext_library.jsonl#index=225,0,0,0,1,0,0,1
226,2042_8-2,runs/imaged/incontext_library.jsonl#index=226,0,0,0,0,0,0,1
227,568_8-1,runs/imaged/incontext_library.jsonl#index=227,0,0,0,0,0,0,1
228,6616_8-2,runs/imaged/incontext_library.jsonl#index=228,0,0,0,0,0,0,1
229,1550_9-1,runs/imaged/incontext_library.jsonl#index=229,0,0,0,0,0,0,0
230,3330_8-1,runs/imaged/incontext_library.jsonl#index=230,0,0,0,0,0,0,0
231,1237_8-2,runs/imaged/incontext_library.jsonl#index=231,0,0,0,0,0,0,1
232,7045_9-1,runs/imaged/incontext_library.jsonl#index=232,0,0,0,0,0,0,1
233,808_8-1,runs/imaged/incontext_library.jsonl#index=233,0,0,0,0,0,0,1
234,6022_8-1,runs/imaged/incontext_library.jsonl#index=234,0,0,0,0,0,0,1
235,3186_8-2,runs/imaged/incontext_library.jsonl#index=235,0,0,0,0,0,0,1
236,5303_8-1,runs/imaged/incontext_library.jsonl#index=236,0,0,0,0,0,0,0
237,7709_8-2,runs/imaged/incontext_library.jsonl#index=237,0,0,0,0,0,0,1
238,2895_8-2,runs/imaged/incontext_library.jsonl#index=238,0,0,0,0,0,0,1
239,3367_9-1,runs/imaged/incontext_library.jsonl#index=239,0,0,0,0,0,0,0
240,2111_8-2,runs/imaged/incontext_library.jsonl#index=240,0,0,0,0,0,0,0
241,4413_8-1,runs/imaged/incontext_library.jsonl#index=241,0,0,0,0,0,0,1
242,5733_8-1,runs/imaged/incontext_library.jsonl#index=242,0,0,0,0,0,0,1
243,175_8-2,runs/imaged/incontext_library.jsonl#index=243,0,0,0,0,0,0,1
244,7605_9-1,runs/imaged/incontext_library.jsonl#index=244,0,0,0,0,0,0,0
245,408_9-1,runs/imaged/incontext_library.jsonl#index=245,0,0,0,0,0,0,0
246,3355_9-1,runs/imaged/incontext_library.jsonl#index=246,0,0,0,0,0,0,1
247,4306_9-1,runs/imaged/incontext_library.jsonl#index=247,0,0,0,0,0,0,1
248,68_9-1,runs/imaged/incontext_library.jsonl#index=248,0,0,0,0,0,0,0
249,6895_8-2,runs/imaged/incontext_library.jsonl#index=249,0,0,0,0,0,0,1
250,7533_8-2,runs/imaged/incontext_library.jsonl#index=250,0,0,0,0,0,0,1
251,1309_8-1,runs/imaged/incontext_library.jsonl#index=251,0,0,0,0,0,0,1
252,210_9-1,runs/imaged/incontext_library.jsonl#index=252,0,0,0,0,0,0,1
253,470_8-2,runs/imaged/incontext_library.jsonl#index=253,0,0,0,0,0,0,1
254,4855_8-2,runs/imaged/incontext_library.jsonl#index=254,0,0,0,0,0,0,1
255,4226_8-1,runs/imaged/incontext_library.jsonl#index=255,0,0,0,0,0,0,1
256,2642_8-1,runs/imaged/incontext_library.jsonl#index=256,0,0,0,0,0,0,1
257,2449_8-1,runs/imaged/incontext_library.jsonl#index=257,0,0,0,0,0,0,1
258,7168_8-1,runs/imaged/incontext_library.jsonl#index=258,0,0,0,0,0,0,1
259,4316_8-1,runs/imaged/incontext_library.jsonl#index=259,0,0,0,0,0,0,1
260,4640_9-1,runs/imaged/incontext_library.jsonl#index=260,0,0,0,0,0,0,1
261,2098_8-2,runs/imaged/incontext_library.jsonl#index=261,0,0,0,0,0,0,0
262,3738_9-1,runs/imaged/incontext_library.jsonl#index=262,0,0,0,0,0,0,1
263,5215_9-1,runs/imaged/incontext_library.jsonl#index=263,0,0,0,0,0,0,1
264,2877_8-2,runs/imaged/incontext_library.jsonl#index=264,0,0,0,0,0,0,1
265,1126_9-1,runs/imaged/incontext_library.jsonl#index=265,0,0,0,0,0,0,1
266,4555_9-1,runs/imaged/incontext_library.jsonl#index=266,0,0,0,0,0,0,1
267,3303_8-1,runs/imaged/incontext_library.jsonl#index=267,0,0,0,0,0,0,1
268,406_9-1,runs/imaged/incontext_library.jsonl#index=268,0,0,0,0,0,0,0
269,5299_8-2,runs/imaged/incontext_library.jsonl#index=269,0,0,0,0,0,0,1
270,6635_8-2,runs/imaged/incontext_library.jsonl#index=270,0,0,0,0,0,0,1
271,4586_9-1,runs/imaged/incontext_library.jsonl#index=271,0,0,0,0,0,0,0
272,528_9-1,runs/imaged/incontext_library.jsonl#index=272,0,0,0,0,0,0,1
273,2772_8-2,runs/imaged/incontext_library.jsonl#index=273,0,0,0,0,0,0,1
274,7721_9-1,runs/imaged/incontext_library.jsonl#index=274,0,0,0,0,0,0,1
275,4336_9-1,runs/imaged/incontext_library.jsonl#index=275,0,0,0,0,0,0,1
276,5234_9-1,runs/imaged/incontext_library.jsonl#index=276,0,0,0,0,0,0,0
277,1982_8-2,runs/imaged/incontext_library.jsonl#index=277,0,0,0,0,0,0,0
278,6058_8-2,runs/imaged/incontext_library.jsonl#index=278,0,0,0,0,0,0,1
279,1806_9-1,runs/imaged/incontext_library.jsonl#index=279,0,0,0,0,0,0,1
280,2315_8-1,runs/imaged/incontext_library.jsonl#index=280,0,0,0,0,0,0,0
281,6369_8-1,runs/imaged/incontext_library.jsonl#index=281,0,0,0,0,0,0,1
282,2395_9-1,runs/imaged/incontext_library.jsonl#index=282,0,0,0,0,0,0,1
283,551_8-2,runs/imaged/incontext_library.jsonl#index=283,0,0,0,0,0,0,1
284,2863_8-1,runs/imaged/incontext_library.jsonl#index=284,0,0,0,1,0,0,1
285,4209_8-1,runs/imaged/incontext_library.jsonl#index=285,0,0,0,0,0,0,1
286,1112_8-2,runs/imaged/incontext_library.jsonl#index=286,0,0,0,0,0,0,1
287,5081_8-1,runs/imaged/incontext_library.jsonl#index=287,0,0,0,0,0,0,1
288,4611_8-1,runs/imaged/incontext_library.jsonl#index=288,0,0,0,0,0,0,1
289,678_8-2,runs/imaged/incontext_library.jsonl#index=289,0,0,0,0,0,0,1
290,3103_8-2,runs/imaged/incontext_library.jsonl#index=290,0,0,0,0,0,0,1
291,1356_8-1,runs/imaged/incontext_library.jsonl#index=291,0,0,0,0,0,0,1
292,3773_8-1,runs/imaged/incontext_library.jsonl#index=292,0,0,0,1,0,0,1
293,1522_9-1,runs/imaged/incontext_library.jsonl#index=293,0,0,0,0,0,0,0
294,2735_8-2,runs/imaged/incontext_library.jsonl#index=294,0,0,0,0,0,0,1
295,669_9-1,runs/imaged/incontext_library.jsonl#index=295,0,0,0,0,0,0,0
296,6784_8-2,runs/imaged/incontext_library.jsonl#index=296,0,0,0,0,0,0,1
